let-7a-5p,UGAGGUAGUAGGUUGUAUAGUU
let-7a-3p,CUAUACAAUCUACUGUCUUUC
let-7a-2-3p,CUGUACAGCCUCCUAGCUUUCC
let-7b-5p,UGAGGUAGUAGGUUGUGUGGUU
let-7b-3p,CUAUACAACCUACUGCCUUCCC
let-7c-5p,UGAGGUAGUAGGUUGUAUGGUU
let-7c-3p,CUGUACAACCUUCUAGCUUUCC
let-7d-5p,AGAGGUAGUAGGUUGCAUAGUU
let-7d-3p,CUAUACGACCUGCUGCCUUUCU
let-7e-5p,UGAGGUAGGAGGUUGUAUAGUU
let-7e-3p,CUAUACGGCCUCCUAGCUUUCC
let-7f-5p,UGAGGUAGUAGAUUGUAUAGUU
let-7f-1-3p,CUAUACAAUCUAUUGCCUUCCC
let-7f-2-3p,CUAUACAGUCUACUGUCUUUCC
miR-15a-5p,UAGCAGCACAUAAUGGUUUGUG
miR-15a-3p,CAGGCCAUAUUGUGCUGCCUCA
miR-16-5p,UAGCAGCACGUAAAUAUUGGCG
miR-16-1-3p,CCAGUAUUAACUGUGCUGCUGA
miR-17-5p,CAAAGUGCUUACAGUGCAGGUAG
miR-17-3p,ACUGCAGUGAAGGCACUUGUAG
miR-18a-5p,UAAGGUGCAUCUAGUGCAGAUAG
miR-18a-3p,ACUGCCCUAAGUGCUCCUUCUGG
miR-19a-5p,AGUUUUGCAUAGUUGCACUACA
miR-19a-3p,UGUGCAAAUCUAUGCAAAACUGA
miR-19b-1-5p,AGUUUUGCAGGUUUGCAUCCAGC
miR-19b-3p,UGUGCAAAUCCAUGCAAAACUGA
miR-19b-2-5p,AGUUUUGCAGGUUUGCAUUUCA
miR-20a-5p,UAAAGUGCUUAUAGUGCAGGUAG
miR-20a-3p,ACUGCAUUAUGAGCACUUAAAG
miR-21-5p,UAGCUUAUCAGACUGAUGUUGA
miR-21-3p,CAACACCAGUCGAUGGGCUGU
miR-22-5p,AGUUCUUCAGUGGCAAGCUUUA
miR-22-3p,AAGCUGCCAGUUGAAGAACUGU
miR-23a-5p,GGGGUUCCUGGGGAUGGGAUUU
miR-23a-3p,AUCACAUUGCCAGGGAUUUCC
miR-24-1-5p,UGCCUACUGAGCUGAUAUCAGU
miR-24-3p,UGGCUCAGUUCAGCAGGAACAG
miR-24-2-5p,UGCCUACUGAGCUGAAACACAG
miR-25-5p,AGGCGGAGACUUGGGCAAUUG
miR-25-3p,CAUUGCACUUGUCUCGGUCUGA
miR-26a-5p,UUCAAGUAAUCCAGGAUAGGCU
miR-26a-1-3p,CCUAUUCUUGGUUACUUGCACG
miR-26b-5p,UUCAAGUAAUUCAGGAUAGGU
miR-26b-3p,CCUGUUCUCCAUUACUUGGCU
miR-27a-5p,AGGGCUUAGCUGCUUGUGAGCA
miR-27a-3p,UUCACAGUGGCUAAGUUCCGC
miR-28-5p,AAGGAGCUCACAGUCUAUUGAG
miR-28-3p,CACUAGAUUGUGAGCUCCUGGA
miR-29a-5p,ACUGAUUUCUUUUGGUGUUCAG
miR-29a-3p,UAGCACCAUCUGAAAUCGGUUA
miR-30a-5p,UGUAAACAUCCUCGACUGGAAG
miR-30a-3p,CUUUCAGUCGGAUGUUUGCAGC
miR-31-5p,AGGCAAGAUGCUGGCAUAGCU
miR-31-3p,UGCUAUGCCAACAUAUUGCCAU
miR-32-5p,UAUUGCACAUUACUAAGUUGCA
miR-32-3p,CAAUUUAGUGUGUGUGAUAUUU
miR-33a-5p,GUGCAUUGUAGUUGCAUUGCA
miR-33a-3p,CAAUGUUUCCACAGUGCAUCAC
miR-92a-1-5p,AGGUUGGGAUCGGUUGCAAUGCU
miR-92a-3p,UAUUGCACUUGUCCCGGCCUGU
miR-92a-2-5p,GGGUGGGGAUUUGUUGCAUUAC
miR-93-5p,CAAAGUGCUGUUCGUGCAGGUAG
miR-93-3p,ACUGCUGAGCUAGCACUUCCCG
miR-95-5p,UCAAUAAAUGUCUGUUGAAUU
miR-95-3p,UUCAACGGGUAUUUAUUGAGCA
miR-96-5p,UUUGGCACUAGCACAUUUUUGCU
miR-96-3p,AAUCAUGUGCAGUGCCAAUAUG
miR-98-5p,UGAGGUAGUAAGUUGUAUUGUU
miR-98-3p,CUAUACAACUUACUACUUUCCC
miR-99a-5p,AACCCGUAGAUCCGAUCUUGUG
miR-99a-3p,CAAGCUCGCUUCUAUGGGUCUG
miR-100-5p,AACCCGUAGAUCCGAACUUGUG
miR-100-3p,CAAGCUUGUAUCUAUAGGUAUG
miR-101-5p,CAGUUAUCACAGUGCUGAUGCU
miR-101-3p,UACAGUACUGUGAUAACUGAA
miR-29b-1-5p,GCUGGUUUCAUAUGGUGGUUUAGA
miR-29b-3p,UAGCACCAUUUGAAAUCAGUGUU
miR-29b-2-5p,CUGGUUUCACAUGGUGGCUUAG
miR-103a-2-5p,AGCUUCUUUACAGUGCUGCCUUG
miR-103a-3p,AGCAGCAUUGUACAGGGCUAUGA
miR-103a-1-5p,GGCUUCUUUACAGUGCUGCCUUG
miR-105-5p,UCAAAUGCUCAGACUCCUGUGGU
miR-105-3p,ACGGAUGUUUGAGCAUGUGCUA
miR-106a-5p,AAAAGUGCUUACAGUGCAGGUAG
miR-106a-3p,CUGCAAUGUAAGCACUUCUUAC
miR-107,AGCAGCAUUGUACAGGGCUAUCA
miR-16-2-3p,CCAAUAUUACUGUGCUGCUUUA
miR-192-5p,CUGACCUAUGAAUUGACAGCC
miR-192-3p,CUGCCAAUUCCAUAGGUCACAG
miR-196a-5p,UAGGUAGUUUCAUGUUGUUGGG
miR-196a-1-3p,CAACAACAUUAAACCACCCGA
miR-197-5p,CGGGUAGAGAGGGCAGUGGGAGG
miR-197-3p,UUCACCACCUUCUCCACCCAGC
miR-198,GGUCCAGAGGGGAGAUAGGUUC
miR-199a-5p,CCCAGUGUUCAGACUACCUGUUC
miR-199a-3p,ACAGUAGUCUGCACAUUGGUUA
miR-208a-5p,GAGCUUUUGGCCCGGGUUAUAC
miR-208a-3p,AUAAGACGAGCAAAAAGCUUGU
miR-129-5p,CUUUUUGCGGUCUGGGCUUGC
miR-129-1-3p,AAGCCCUUACCCCAAAAAGUAU
miR-148a-5p,AAAGUUCUGAGACACUCCGACU
miR-148a-3p,UCAGUGCACUACAGAACUUUGU
miR-30c-5p,UGUAAACAUCCUACACUCUCAGC
miR-30c-2-3p,CUGGGAGAAGGCUGUUUACUCU
miR-30d-5p,UGUAAACAUCCCCGACUGGAAG
miR-30d-3p,CUUUCAGUCAGAUGUUUGCUGC
miR-139-5p,UCUACAGUGCACGUGUCUCCAGU
miR-139-3p,UGGAGACGCGGCCCUGUUGGAGU
miR-147a,GUGUGUGGAAAUGCUUCUGC
miR-7-5p,UGGAAGACUAGUGAUUUUGUUGUU
miR-7-1-3p,CAACAAAUCACAGUCUGCCAUA
miR-7-2-3p,CAACAAAUCCCAGUCUACCUAA
miR-10a-5p,UACCCUGUAGAUCCGAAUUUGUG
miR-10a-3p,CAAAUUCGUAUCUAGGGGAAUA
miR-10b-5p,UACCCUGUAGAACCGAAUUUGUG
miR-10b-3p,ACAGAUUCGAUUCUAGGGGAAU
miR-34a-5p,UGGCAGUGUCUUAGCUGGUUGU
miR-34a-3p,CAAUCAGCAAGUAUACUGCCCU
miR-181a-5p,AACAUUCAACGCUGUCGGUGAGU
miR-181a-2-3p,ACCACUGACCGUUGACUGUACC
miR-181b-5p,AACAUUCAUUGCUGUCGGUGGGU
miR-181b-3p,CUCACUGAACAAUGAAUGCAA
miR-181c-5p,AACAUUCAACCUGUCGGUGAGU
miR-181c-3p,AACCAUCGACCGUUGAGUGGAC
miR-182-5p,UUUGGCAAUGGUAGAACUCACACU
miR-182-3p,UGGUUCUAGACUUGCCAACUA
miR-183-5p,UAUGGCACUGGUAGAAUUCACU
miR-183-3p,GUGAAUUACCGAAGGGCCAUAA
miR-187-5p,GGCUACAACACAGGACCCGGGC
miR-187-3p,UCGUGUCUUGUGUUGCAGCCGG
miR-196a-3p,CGGCAACAAGAAACUGCCUGAG
miR-199b-5p,CCCAGUGUUUAGACUAUCUGUUC
miR-199b-3p,ACAGUAGUCUGCACAUUGGUUA
miR-203a-5p,AGUGGUUCUUAACAGUUCAACAGUU
miR-203a-3p,GUGAAAUGUUUAGGACCACUAG
miR-204-5p,UUCCCUUUGUCAUCCUAUGCCU
miR-204-3p,GCUGGGAAGGCAAAGGGACGU
miR-205-5p,UCCUUCAUUCCACCGGAGUCUG
miR-205-3p,GAUUUCAGUGGAGUGAAGUUC
miR-210-5p,AGCCCCUGCCCACCGCACACUG
miR-210-3p,CUGUGCGUGUGACAGCGGCUGA
miR-211-5p,UUCCCUUUGUCAUCCUUCGCCU
miR-211-3p,GCAGGGACAGCAAAGGGGUGC
miR-212-5p,ACCUUGGCUCUAGACUGCUUACU
miR-212-3p,UAACAGUCUCCAGUCACGGCC
miR-181a-3p,ACCAUCGACCGUUGAUUGUACC
miR-214-5p,UGCCUGUCUACACUUGCUGUGC
miR-214-3p,ACAGCAGGCACAGACAGGCAGU
miR-215-5p,AUGACCUAUGAAUUGACAGAC
miR-215-3p,UCUGUCAUUUCUUUAGGCCAAUA
miR-216a-5p,UAAUCUCAGCUGGCAACUGUGA
miR-216a-3p,UCACAGUGGUCUCUGGGAUUAU
miR-217-5p,UACUGCAUCAGGAACUGAUUGGA
miR-217-3p,CAUCAGUUCCUAAUGCAUUGCC
miR-218-5p,UUGUGCUUGAUCUAACCAUGU
miR-218-1-3p,AUGGUUCCGUCAAGCACCAUGG
miR-218-2-3p,CAUGGUUCUGUCAAGCACCGCG
miR-219a-5p,UGAUUGUCCAAACGCAAUUCU
miR-219a-1-3p,AGAGUUGAGUCUGGACGUCCCG
miR-221-5p,ACCUGGCAUACAAUGUAGAUUU
miR-221-3p,AGCUACAUUGUCUGCUGGGUUUC
miR-222-5p,CUCAGUAGCCAGUGUAGAUCCU
miR-222-3p,AGCUACAUCUGGCUACUGGGU
miR-223-5p,CGUGUAUUUGACAAGCUGAGUU
miR-223-3p,UGUCAGUUUGUCAAAUACCCCA
miR-224-5p,UCAAGUCACUAGUGGUUCCGUUUAG
miR-224-3p,AAAAUGGUGCCCUAGUGACUACA
miR-200b-5p,CAUCUUACUGGGCAGCAUUGGA
miR-200b-3p,UAAUACUGCCUGGUAAUGAUGA
let-7g-5p,UGAGGUAGUAGUUUGUACAGUU
let-7g-3p,CUGUACAGGCCACUGCCUUGC
let-7i-5p,UGAGGUAGUAGUUUGUGCUGUU
let-7i-3p,CUGCGCAAGCUACUGCCUUGCU
miR-1-3p,UGGAAUGUAAAGAAGUAUGUAU
miR-15b-5p,UAGCAGCACAUCAUGGUUUACA
miR-15b-3p,CGAAUCAUUAUUUGCUGCUCUA
miR-23b-5p,UGGGUUCCUGGCAUGCUGAUUU
miR-23b-3p,AUCACAUUGCCAGGGAUUACCAC
miR-27b-5p,AGAGCUUAGCUGAUUGGUGAAC
miR-27b-3p,UUCACAGUGGCUAAGUUCUGC
miR-30b-5p,UGUAAACAUCCUACACUCAGCU
miR-30b-3p,CUGGGAGGUGGAUGUUUACUUC
miR-122-5p,UGGAGUGUGACAAUGGUGUUUG
miR-122-3p,AACGCCAUUAUCACACUAAAUA
miR-124-5p,CGUGUUCACAGCGGACCUUGAU
miR-124-3p,UAAGGCACGCGGUGAAUGCCAA
miR-125b-5p,UCCCUGAGACCCUAACUUGUGA
miR-125b-1-3p,ACGGGUUAGGCUCUUGGGAGCU
miR-128-1-5p,CGGGGCCGUAGCACUGUCUGAGA
miR-128-3p,UCACAGUGAACCGGUCUCUUU
miR-130a-5p,GCUCUUUUCACAUUGUGCUACU
miR-130a-3p,CAGUGCAAUGUUAAAAGGGCAU
miR-132-5p,ACCGUGGCUUUCGAUUGUUACU
miR-132-3p,UAACAGUCUACAGCCAUGGUCG
miR-133a-5p,AGCUGGUAAAAUGGAACCAAAU
miR-133a-3p,UUUGGUCCCCUUCAACCAGCUG
miR-135a-5p,UAUGGCUUUUUAUUCCUAUGUGA
miR-135a-3p,UAUAGGGAUUGGAGCCGUGGCG
miR-135a-2-3p,AUGUAGGGAUGGAAGCCAUGAA
miR-137-5p,ACGGGUAUUCUUGGGUGGAUAAU
miR-137-3p,UUAUUGCUUAAGAAUACGCGUAG
miR-138-5p,AGCUGGUGUUGUGAAUCAGGCCG
miR-138-2-3p,GCUAUUUCACGACACCAGGGUU
miR-140-5p,CAGUGGUUUUACCCUAUGGUAG
miR-140-3p,UACCACAGGGUAGAACCACGG
miR-141-5p,CAUCUUCCAGUACAGUGUUGGA
miR-141-3p,UAACACUGUCUGGUAAAGAUGG
miR-142-5p,CAUAAAGUAGAAAGCACUACU
miR-142-3p,UGUAGUGUUUCCUACUUUAUGGA
miR-143-5p,GGUGCAGUGCUGCAUCUCUGGU
miR-143-3p,UGAGAUGAAGCACUGUAGCUC
miR-144-5p,GGAUAUCAUCAUAUACUGUAAG
miR-144-3p,UACAGUAUAGAUGAUGUACU
miR-145-5p,GUCCAGUUUUCCCAGGAAUCCCU
miR-145-3p,GGAUUCCUGGAAAUACUGUUCU
miR-152-5p,AGGUUCUGUGAUACACUCCGACU
miR-152-3p,UCAGUGCAUGACAGAACUUGG
miR-153-3p,UUGCAUAGUCACAAAAGUGAUC
miR-153-5p,UCAUUUUUGUGAUGUUGCAGCU
miR-191-5p,CAACGGAAUCCCAAAAGCAGCUG
miR-191-3p,GCUGCGCUUGGAUUUCGUCCCC
miR-9-5p,UCUUUGGUUAUCUAGCUGUAUGA
miR-9-3p,AUAAAGCUAGAUAACCGAAAGU
miR-125a-5p,UCCCUGAGACCCUUUAACCUGUGA
miR-125a-3p,ACAGGUGAGGUUCUUGGGAGCC
miR-125b-2-3p,UCACAAGUCAGGCUCUUGGGAC
miR-126-5p,CAUUAUUACUUUUGGUACGCG
miR-126-3p,UCGUACCGUGAGUAAUAAUGCG
miR-127-5p,CUGAAGCUCAGAGGGCUCUGAU
miR-127-3p,UCGGAUCCGUCUGAGCUUGGCU
miR-129-2-3p,AAGCCCUUACCCCAAAAAGCAU
miR-134-5p,UGUGACUGGUUGACCAGAGGGG
miR-134-3p,CCUGUGGGCCACCUAGUCACCAA
miR-136-5p,ACUCCAUUUGUUUUGAUGAUGGA
miR-136-3p,CAUCAUCGUCUCAAAUGAGUCU
miR-138-1-3p,GCUACUUCACAACACCAGGGCC
miR-146a-5p,UGAGAACUGAAUUCCAUGGGUU
miR-146a-3p,CCUCUGAAAUUCAGUUCUUCAG
miR-149-5p,UCUGGCUCCGUGUCUUCACUCCC
miR-149-3p,AGGGAGGGACGGGGGCUGUGC
miR-150-5p,UCUCCCAACCCUUGUACCAGUG
miR-150-3p,CUGGUACAGGCCUGGGGGACAG
miR-154-5p,UAGGUUAUCCGUGUUGCCUUCG
miR-154-3p,AAUCAUACACGGUUGACCUAUU
miR-184,UGGACGGAGAACUGAUAAGGGU
miR-185-5p,UGGAGAGAAAGGCAGUUCCUGA
miR-185-3p,AGGGGCUGGCUUUCCUCUGGUC
miR-186-5p,CAAAGAAUUCUCCUUUUGGGCU
miR-186-3p,GCCCAAAGGUGAAUUUUUUGGG
miR-188-5p,CAUCCCUUGCAUGGUGGAGGG
miR-188-3p,CUCCCACAUGCAGGGUUUGCA
miR-190a-5p,UGAUAUGUUUGAUAUAUUAGGU
miR-190a-3p,CUAUAUAUCAAACAUAUUCCU
miR-193a-5p,UGGGUCUUUGCGGGCGAGAUGA
miR-193a-3p,AACUGGCCUACAAAGUCCCAGU
miR-194-5p,UGUAACAGCAACUCCAUGUGGA
miR-195-5p,UAGCAGCACAGAAAUAUUGGC
miR-195-3p,CCAAUAUUGGCUGUGCUGCUCC
miR-206,UGGAAUGUAAGGAAGUGUGUGG
miR-320a-5p,GCCUUCUCUUCCCGGUUCUUCC
miR-320a-3p,AAAAGCUGGGUUGAGAGGGCGA
miR-200c-5p,CGUCUUACCCAGCAGUGUUUGG
miR-200c-3p,UAAUACUGCCGGGUAAUGAUGGA
miR-1-5p,ACAUACUUCUUUAUAUGCCCAU
miR-155-5p,UUAAUGCUAAUCGUGAUAGGGGUU
miR-155-3p,CUCCUACAUAUUAGCAUUAACA
miR-181b-2-3p,CUCACUGAUCAAUGAAUGCA
miR-128-2-5p,GGGGGCCGAUACACUGUACGAGA
miR-194-3p,CCAGUGGGGCUGCUGUUAUCUG
miR-106b-5p,UAAAGUGCUGACAGUGCAGAU
miR-106b-3p,CCGCACUGUGGGUACUUGCUGC
miR-29c-5p,UGACCGAUUUCUCCUGGUGUUC
miR-29c-3p,UAGCACCAUUUGAAAUCGGUUA
miR-30c-1-3p,CUGGGAGAGGGUUGUUUACUCC
miR-200a-5p,CAUCUUACCGGACAGUGCUGGA
miR-200a-3p,UAACACUGUCUGGUAACGAUGU
miR-302a-5p,ACUUAAACGUGGAUGUACUUGCU
miR-302a-3p,UAAGUGCUUCCAUGUUUUGGUGA
miR-101-2-5p,UCGGUUAUCAUGGUACCGAUGC
miR-219a-2-3p,AGAAUUGUGGCUGGACAUCUGU
miR-34b-5p,UAGGCAGUGUCAUUAGCUGAUUG
miR-34b-3p,CAAUCACUAACUCCACUGCCAU
miR-34c-5p,AGGCAGUGUAGUUAGCUGAUUGC
miR-34c-3p,AAUCACUAACCACACGGCCAGG
miR-299-5p,UGGUUUACCGUCCCACAUACAU
miR-299-3p,UAUGUGGGAUGGUAAACCGCUU
miR-301a-5p,GCUCUGACUUUAUUGCACUACU
miR-301a-3p,CAGUGCAAUAGUAUUGUCAAAGC
miR-99b-5p,CACCCGUAGAACCGACCUUGCG
miR-99b-3p,CAAGCUCGUGUCUGUGGGUCCG
miR-296-5p,AGGGCCCCCCCUCAAUCCUGU
miR-296-3p,GAGGGUUGGGUGGAGGCUCUCC
miR-130b-5p,ACUCUUUCCCUGUUGCACUAC
miR-130b-3p,CAGUGCAAUGAUGAAAGGGCAU
miR-30e-5p,UGUAAACAUCCUUGACUGGAAG
miR-30e-3p,CUUUCAGUCGGAUGUUUACAGC
miR-26a-2-3p,CCUAUUCUUGAUUACUUGUUUC
miR-361-5p,UUAUCAGAAUCUCCAGGGGUAC
miR-361-3p,UCCCCCAGGUGUGAUUCUGAUUU
miR-362-5p,AAUCCUUGGAACCUAGGUGUGAGU
miR-362-3p,AACACACCUAUUCAAGGAUUCA
miR-363-5p,CGGGUGGAUCACGAUGCAAUUU
miR-363-3p,AAUUGCACGGUAUCCAUCUGUA
miR-365a-5p,AGGGACUUUUGGGGGCAGAUGUG
miR-365a-3p,UAAUGCCCCUAAAAAUCCUUAU
miR-365b-5p,AGGGACUUUCAGGGGCAGCUGU
miR-365b-3p,UAAUGCCCCUAAAAAUCCUUAU
miR-302b-5p,ACUUUAACAUGGAAGUGCUUUC
miR-302b-3p,UAAGUGCUUCCAUGUUUUAGUAG
miR-302c-5p,UUUAACAUGGGGGUACCUGCUG
miR-302c-3p,UAAGUGCUUCCAUGUUUCAGUGG
miR-302d-5p,ACUUUAACAUGGAGGCACUUGC
miR-302d-3p,UAAGUGCUUCCAUGUUUGAGUGU
miR-367-5p,ACUGUUGCUAAUAUGCAACUCU
miR-367-3p,AAUUGCACUUUAGCAAUGGUGA
miR-376c-5p,GGUGGAUAUUCCUUCUAUGUU
miR-376c-3p,AACAUAGAGGAAAUUCCACGU
miR-369-5p,AGAUCGACCGUGUUAUAUUCGC
miR-369-3p,AAUAAUACAUGGUUGAUCUUU
miR-370-5p,CAGGUCACGUCUCUGCAGUUAC
miR-370-3p,GCCUGCUGGGGUGGAACCUGGU
miR-371a-5p,ACUCAAACUGUGGGGGCACU
miR-371a-3p,AAGUGCCGCCAUCUUUUGAGUGU
miR-372-5p,CCUCAAAUGUGGAGCACUAUUCU
miR-372-3p,AAAGUGCUGCGACAUUUGAGCGU
miR-373-5p,ACUCAAAAUGGGGGCGCUUUCC
miR-373-3p,GAAGUGCUUCGAUUUUGGGGUGU
miR-374a-5p,UUAUAAUACAACCUGAUAAGUG
miR-374a-3p,CUUAUCAGAUUGUAUUGUAAUU
miR-375-5p,GCGACGAGCCCCUCGCACAAACC
miR-375-3p,UUUGUUCGUUCGGCUCGCGUGA
miR-376a-5p,GUAGAUUCUCCUUCUAUGAGUA
miR-376a-3p,AUCAUAGAGGAAAAUCCACGU
miR-377-5p,AGAGGUUGCCCUUGGUGAAUUC
miR-377-3p,AUCACACAAAGGCAACUUUUGU
miR-378a-5p,CUCCUGACUCCAGGUCCUGUGU
miR-378a-3p,ACUGGACUUGGAGUCAGAAGGC
miR-379-5p,UGGUAGACUAUGGAACGUAGG
miR-379-3p,UAUGUAACAUGGUCCACUAACU
miR-380-5p,UGGUUGACCAUAGAACAUGCGC
miR-380-3p,UAUGUAAUAUGGUCCACAUCUU
miR-381-5p,AGCGAGGUUGCCCUUUGUAUAU
miR-381-3p,UAUACAAGGGCAAGCUCUCUGU
miR-382-5p,GAAGUUGUUCGUGGUGGAUUCG
miR-382-3p,AAUCAUUCACGGACAACACUU
miR-383-5p,AGAUCAGAAGGUGAUUGUGGCU
miR-383-3p,ACAGCACUGCCUGGUCAGA
miR-340-5p,UUAUAAAGCAAUGAGACUGAUU
miR-340-3p,UCCGUCUCAGUUACUUUAUAGC
miR-330-5p,UCUCUGGGCCUGUGUCUUAGGC
miR-330-3p,GCAAAGCACACGGCCUGCAGAGA
miR-328-5p,GGGGGGGCAGGAGGGGCUCAGGG
miR-328-3p,CUGGCCCUCUCUGCCCUUCCGU
miR-342-5p,AGGGGUGCUAUCUGUGAUUGA
miR-342-3p,UCUCACACAGAAAUCGCACCCGU
miR-337-5p,GAACGGCUUCAUACAGGAGUU
miR-337-3p,CUCCUAUAUGAUGCCUUUCUUC
miR-323a-5p,AGGUGGUCCGUGGCGCGUUCGC
miR-323a-3p,CACAUUACACGGUCGACCUCU
miR-326,CCUCUGGGCCCUUCCUCCAG
miR-151a-5p,UCGAGGAGCUCACAGUCUAGU
miR-151a-3p,CUAGACUGAAGCUCCUUGAGG
miR-135b-5p,UAUGGCUUUUCAUUCCUAUGUGA
miR-135b-3p,AUGUAGGGCUAAAAGCCAUGGG
miR-148b-5p,AAGUUCUGUUAUACACUCAGGC
miR-148b-3p,UCAGUGCAUCACAGAACUUUGU
miR-331-5p,CUAGGUAUGGUCCCAGGGAUCC
miR-331-3p,GCCCCUGGGCCUAUCCUAGAA
miR-324-5p,CGCAUCCCCUAGGGCAUUGGUG
miR-324-3p,CCCACUGCCCCAGGUGCUGCUGG
miR-338-5p,AACAAUAUCCUGGUGCUGAGUG
miR-338-3p,UCCAGCAUCAGUGAUUUUGUUG
miR-339-5p,UCCCUGUCCUCCAGGAGCUCACG
miR-339-3p,UGAGCGCCUCGACGACAGAGCCG
miR-335-5p,UCAAGAGCAAUAACGAAAAAUGU
miR-335-3p,UUUUUCAUUAUUGCUCCUGACC
miR-133b,UUUGGUCCCCUUCAACCAGCUA
miR-325,CCUAGUAGGUGUCCAGUAAGUGU
miR-345-5p,GCUGACUCCUAGUCCAGGGCUC
miR-345-3p,GCCCUGAACGAGGGGUCUGGAG
miR-346,UGUCUGCCCGCAUGCCUGCCUCU
miR-384,AUUCCUAGAAAUUGUUCAUA
miR-196b-5p,UAGGUAGUUUCCUGUUGUUGGG
miR-196b-3p,UCGACAGCACGACACUGCCUUC
miR-422a,ACUGGACUUAGGGUCAGAAGGC
miR-423-5p,UGAGGGGCAGAGAGCGAGACUUU
miR-423-3p,AGCUCGGUCUGAGGCCCCUCAGU
miR-424-5p,CAGCAGCAAUUCAUGUUUUGAA
miR-424-3p,CAAAACGUGAGGCGCUGCUAU
miR-425-5p,AAUGACACGAUCACUCCCGUUGA
miR-425-3p,AUCGGGAAUGUCGUGUCCGCCC
miR-18b-5p,UAAGGUGCAUCUAGUGCAGUUAG
miR-18b-3p,UGCCCUAAAUGCCCCUUCUGGC
miR-20b-5p,CAAAGUGCUCAUAGUGCAGGUAG
miR-20b-3p,ACUGUAGUAUGGGCACUUCCAG
miR-448,UUGCAUAUGUAGGAUGUCCCAU
miR-429,UAAUACUGUCUGGUAAAACCGU
miR-449a,UGGCAGUGUAUUGUUAGCUGGU
miR-450a-5p,UUUUGCGAUGUGUUCCUAAUAU
miR-450a-1-3p,AUUGGGAACAUUUUGCAUGUAU
miR-431-5p,UGUCUUGCAGGCCGUCAUGCA
miR-431-3p,CAGGUCGUCUUGCAGGGCUUCU
miR-433-5p,UACGGUGAGCCUGUCAUUAUUC
miR-433-3p,AUCAUGAUGGGCUCCUCGGUGU
miR-329-5p,GAGGUUUUCUGGGUUUCUGUUUC
miR-329-3p,AACACACCUGGUUAACCUCUUU
miR-451a,AAACCGUUACCAUUACUGAGUU
miR-452-5p,AACUGUUUGCAGAGGAAACUGA
miR-452-3p,CUCAUCUGCAAAGAAGUAAGUG
miR-409-5p,AGGUUACCCGAGCAACUUUGCAU
miR-409-3p,GAAUGUUGCUCGGUGAACCCCU
miR-412-5p,UGGUCGACCAGUUGGAAAGUAAU
miR-412-3p,ACUUCACCUGGUCCACUAGCCGU
miR-410-5p,AGGUUGUCUGUGAUGAGUUCG
miR-410-3p,AAUAUAACACAGAUGGCCUGU
miR-376b-5p,CGUGGAUAUUCCUUCUAUGUUU
miR-376b-3p,AUCAUAGAGGAAAAUCCAUGUU
miR-483-5p,AAGACGGGAGGAAAGAAGGGAG
miR-483-3p,UCACUCCUCUCCUCCCGUCUU
miR-484,UCAGGCUCAGUCCCCUCCCGAU
miR-485-5p,AGAGGCUGGCCGUGAUGAAUUC
miR-485-3p,GUCAUACACGGCUCUCCUCUCU
miR-486-5p,UCCUGUACUGAGCUGCCCCGAG
miR-486-3p,CGGGGCAGCUCAGUACAGGAU
miR-487a-5p,GUGGUUAUCCCUGCUGUGUUCG
miR-487a-3p,AAUCAUACAGGGACAUCCAGUU
miR-488-5p,CCCAGAUAAUGGCACUCUCAA
miR-488-3p,UUGAAAGGCUAUUUCUUGGUC
miR-489-5p,GGUCGUAUGUGUGACGCCAUUU
miR-489-3p,GUGACAUCACAUAUACGGCAGC
miR-490-5p,CCAUGGAUCUCCAGGUGGGU
miR-490-3p,CAACCUGGAGGACUCCAUGCUG
miR-491-5p,AGUGGGGAACCCUUCCAUGAGG
miR-491-3p,CUUAUGCAAGAUUCCCUUCUAC
miR-511-5p,GUGUCUUUUGCUCUGCAGUCA
miR-511-3p,AAUGUGUAGCAAAAGACAGA
miR-146b-5p,UGAGAACUGAAUUCCAUAGGCUG
miR-146b-3p,GCCCUGUGGACUCAGUUCUGGU
miR-202-5p,UUCCUAUGCAUAUACUUCUUUG
miR-202-3p,AGAGGUAUAGGGCAUGGGAA
miR-492,AGGACCUGCGGGACAAGAUUCUU
miR-493-5p,UUGUACAUGGUAGGCUUUCAUU
miR-493-3p,UGAAGGUCUACUGUGUGCCAGG
miR-432-5p,UCUUGGAGUAGGUCAUUGGGUGG
miR-432-3p,CUGGAUGGCUCCUCCAUGUCU
miR-494-5p,AGGUUGUCCGUGUUGUCUUCUCU
miR-494-3p,UGAAACAUACACGGGAAACCUC
miR-495-5p,GAAGUUGCCCAUGUUAUUUUCG
miR-495-3p,AAACAAACAUGGUGCACUUCUU
miR-496,UGAGUAUUACAUGGCCAAUCUC
miR-193b-5p,CGGGGUUUUGAGGGCGAGAUGA
miR-193b-3p,AACUGGCCCUCAAAGUCCCGCU
miR-497-5p,CAGCAGCACACUGUGGUUUGU
miR-497-3p,CAAACCACACUGUGGUGUUAGA
miR-181d-5p,AACAUUCAUUGUUGUCGGUGGGU
miR-181d-3p,CCACCGGGGGAUGAAUGUCAC
miR-512-5p,CACUCAGCCUUGAGGGCACUUUC
miR-512-3p,AAGUGCUGUCAUAGCUGAGGUC
miR-498-5p,UUUCAAGCCAGGGGGCGUUUUUC
miR-498-3p,AAAGCACCUCCAGAGCUUGAAGC
miR-520e-5p,CUCAAGAUGGAAGCAGUUUCUG
miR-520e-3p,AAAGUGCUUCCUUUUUGAGGG
miR-515-5p,UUCUCCAAAAGAAAGCACUUUCUG
miR-515-3p,GAGUGCCUUCUUUUGGAGCGUU
miR-519e-5p,UUCUCCAAAAGGGAGCACUUUC
miR-519e-3p,AAGUGCCUCCUUUUAGAGUGUU
miR-520f-5p,CCUCUAAAGGGAAGCGCUUUCU
miR-520f-3p,AAGUGCUUCCUUUUAGAGGGUU
miR-519c-5p,CUCUAGAGGGAAGCGCUUUCUG
miR-519c-3p,AAAGUGCAUCUUUUUAGAGGAU
miR-520a-5p,CUCCAGAGGGAAGUACUUUCU
miR-520a-3p,AAAGUGCUUCCCUUUGGACUGU
miR-526b-5p,CUCUUGAGGGAAGCACUUUCUGU
miR-526b-3p,GAAAGUGCUUCCUUUUAGAGGC
miR-519b-5p,CUCUAGAGGGAAGCGCUUUCUG
miR-519b-3p,AAAGUGCAUCCUUUUAGAGGUU
miR-525-5p,CUCCAGAGGGAUGCACUUUCU
miR-525-3p,GAAGGCGCUUCCCUUUAGAGCG
miR-523-5p,CUCUAGAGGGAAGCGCUUUCUG
miR-523-3p,GAACGCGCUUCCCUAUAGAGGGU
miR-518f-5p,CUCUAGAGGGAAGCACUUUCUC
miR-518f-3p,GAAAGCGCUUCUCUUUAGAGG
miR-520b-5p,CCUCUACAGGGAAGCGCUUUC
miR-520b-3p,AAAGUGCUUCCUUUUAGAGGG
miR-518b,CAAAGCGCUCCCCUUUAGAGGU
miR-526a-5p,CUCUAGAGGGAAGCACUUUCUG
miR-526a-3p,GAAAGCGCUUCCUUUUAGAGGA
miR-520c-5p,CUCUAGAGGGAAGCACUUUCUG
miR-520c-3p,AAAGUGCUUCCUUUUAGAGGGU
miR-518c-5p,UCUCUGGAGGGAAGCACUUUCUG
miR-518c-3p,CAAAGCGCUUCUCUUUAGAGUGU
miR-524-5p,CUACAAAGGGAAGCACUUUCUC
miR-524-3p,GAAGGCGCUUCCCUUUGGAGU
miR-517-5p,CCUCUAGAUGGAAGCACUGUCU
miR-517a-3p,AUCGUGCAUCCCUUUAGAGUGU
miR-519d-5p,CCUCCAAAGGGAAGCGCUUUCUGUU
miR-519d-3p,CAAAGUGCCUCCCUUUAGAGUG
miR-521,AACGCACUUCCCUUUAGAGUGU
miR-520d-5p,CUACAAAGGGAAGCCCUUUC
miR-520d-3p,AAAGUGCUUCUCUUUGGUGGGU
miR-517b-3p,AUCGUGCAUCCCUUUAGAGUGU
miR-520g-5p,UCUAGAGGAAGCACUUUCUGUUU
miR-520g-3p,ACAAAGUGCUUCCCUUUAGAGUGU
miR-516b-5p,AUCUGGAGGUAAGAAGCACUUU
miR-516b-3p,UGCUUCCUUUCAGAGGGU
miR-518e-5p,CUCUAGAGGGAAGCGCUUUCUG
miR-518e-3p,AAAGCGCUUCCCUUCAGAGUG
miR-518a-5p,CUGCAAAGGGAAGCCCUUUC
miR-518a-3p,GAAAGCGCUUCCCUUUGCUGGA
miR-518d-5p,CUCUAGAGGGAAGCACUUUCUG
miR-518d-3p,CAAAGCGCUUCCCUUUGGAGC
miR-517c-3p,AUCGUGCAUCCUUUUAGAGUGU
miR-520h,ACAAAGUGCUUCCCUUUAGAGU
miR-522-5p,CUCUAGAGGGAAGCGCUUUCUG
miR-522-3p,AAAAUGGUUCCCUUUAGAGUGU
miR-519a-5p,CUCUAGAGGGAAGCGCUUUCUG
miR-519a-3p,AAAGUGCAUCCUUUUAGAGUGU
miR-527,CUGCAAAGGGAAGCCCUUUC
miR-516a-5p,UUCUCGAGGAAAGAAGCACUUUC
miR-516a-3p,UGCUUCCUUUCAGAGGGU
miR-519a-2-5p,CCUCUACAGGGAAGCGCUUUC
miR-499a-5p,UUAAGACUUGCAGUGAUGUUU
miR-499a-3p,AACAUCACAGCAAGUCUGUGCU
miR-500a-5p,UAAUCCUUGCUACCUGGGUGAGA
miR-500a-3p,AUGCACCUGGGCAAGGAUUCUG
miR-501-5p,AAUCCUUUGUCCCUGGGUGAGA
miR-501-3p,AAUGCACCCGGGCAAGGAUUCU
miR-502-5p,AUCCUUGCUAUCUGGGUGCUA
miR-502-3p,AAUGCACCUGGGCAAGGAUUCA
miR-450a-2-3p,AUUGGGGACAUUUUGCAUUCAU
miR-503-5p,UAGCAGCGGGAACAGUUCUGCAG
miR-503-3p,GGGGUAUUGUUUCCGCUGCCAGG
miR-504-5p,AGACCCUGGUCUGCACUCUAUC
miR-504-3p,GGGAGUGCAGGGCAGGGUUUC
miR-505-5p,GGGAGCCAGGAAGUAUUGAUGU
miR-505-3p,CGUCAACACUUGCUGGUUUCCU
miR-513a-5p,UUCACAGGGAGGUGUCAU
miR-513a-3p,UAAAUUUCACCUUUCUGAGAAGG
miR-506-5p,UAUUCAGGAAGGUGUUACUUAA
miR-506-3p,UAAGGCACCCUUCUGAGUAGA
miR-507,UUUUGCACCUUUUGGAGUGAA
miR-508-5p,UACUCCAGAGGGCGUCACUCAUG
miR-508-3p,UGAUUGUAGCCUUUUGGAGUAGA
miR-509-5p,UACUGCAGACAGUGGCAAUCA
miR-509-3p,UGAUUGGUACGUCUGUGGGUAG
miR-510-5p,UACUCAGGAGAGUGGCAAUCAC
miR-510-3p,AUUGAAACCUCUAAGAGUGGA
miR-514a-5p,UACUCUGGAGAGUGACAAUCAUG
miR-514a-3p,AUUGACACUUCUGUGAGUAGA
miR-532-5p,CAUGCCUUGAGUGUAGGACCGU
miR-532-3p,CCUCCCACACCCAAGGCUUGCA
miR-455-5p,UAUGUGCCUUUGGACUACAUCG
miR-455-3p,GCAGUCCAUGGGCAUAUACAC
miR-539-5p,GGAGAAAUUAUCCUUGGUGUGU
miR-539-3p,AUCAUACAAGGACAAUUUCUUU
miR-544a,AUUCUGCAUUUUUAGCAAGUUC
miR-545-5p,UCAGUAAAUGUUUAUUAGAUGA
miR-545-3p,UCAGCAAACAUUUAUUGUGUGC
miR-376a-2-5p,GGUAGAUUUUCCUUCUAUGGU
miR-487b-5p,GUGGUUAUCCCUGUCCUGUUCG
miR-487b-3p,AAUCGUACAGGGUCAUCCACUU
miR-551a,GCGACCCACUCUUGGUUUCCA
miR-552-5p,GUUUAACCUUUUGCCUGUUGG
miR-552-3p,AACAGGUGACUGGUUAGACAA
miR-553,AAAACGGUGAGAUUUUGUUUU
miR-554,GCUAGUCCUGACUCAGCCAGU
miR-92b-5p,AGGGACGGGACGCGGUGCAGUG
miR-92b-3p,UAUUGCACUCGUCCCGGCCUCC
miR-555,AGGGUAAGCUGAACCUCUGAU
miR-556-5p,GAUGAGCUCAUUGUAAUAUGAG
miR-556-3p,AUAUUACCAUUAGCUCAUCUUU
miR-557,GUUUGCACGGGUGGGCCUUGUCU
miR-558,UGAGCUGCUGUACCAAAAU
miR-559,UAAAGUAAAUAUGCACCAAAA
miR-561-5p,AUCAAGGAUCUUAAACUUUGCC
miR-561-3p,CAAAGUUUAAGAUCCUUGAAGU
miR-562,AAAGUAGCUGUACCAUUUGC
miR-563,AGGUUGACAUACGUUUCCC
miR-564,AGGCACGGUGUCAGCAGGC
miR-567,AGUAUGUUCUUCCAGGACAGAAC
miR-568,AUGUAUAAAUGUAUACACAC
miR-551b-5p,GAAAUCAAGCGUGGGUGAGACC
miR-551b-3p,GCGACCCAUACUUGGUUUCAG
miR-569,AGUUAAUGAAUCCUGGAAAGU
miR-570-5p,AAAGGUAAUUGCAGUUUUUCCC
miR-570-3p,CGAAAACAGCAAUUACCUUUGC
miR-571,UGAGUUGGCCAUCUGAGUGAG
miR-572,GUCCGCUCGGCGGUGGCCCA
miR-573,CUGAAGUGAUGUGUAACUGAUCAG
miR-574-5p,UGAGUGUGUGUGUGUGAGUGUGU
miR-574-3p,CACGCUCAUGCACACACCCACA
miR-575,GAGCCAGUUGGACAGGAGC
miR-576-5p,AUUCUAAUUUCUCCACGUCUUU
miR-576-3p,AAGAUGUGGAAAAAUUGGAAUC
miR-577,UAGAUAAAAUAUUGGUACCUG
miR-578,CUUCUUGUGCUCUAGGAUUGU
miR-579-5p,UCGCGGUUUGUGCCAGAUGACG
miR-579-3p,UUCAUUUGGUAUAAACCGCGAUU
miR-580-5p,UAAUGAUUCAUCAGACUCAGAU
miR-580-3p,UUGAGAAUGAUGAAUCAUUAGG
miR-581,UCUUGUGUUCUCUAGAUCAGU
miR-582-5p,UUACAGUUGUUCAACCAGUUACU
miR-582-3p,UAACUGGUUGAACAACUGAACC
miR-583,CAAAGAGGAAGGUCCCAUUAC
miR-584-5p,UUAUGGUUUGCCUGGGACUGAG
miR-584-3p,UCAGUUCCAGGCCAACCAGGCU
miR-585-5p,CUAGCACACAGAUACGCCCAGA
miR-585-3p,UGGGCGUAUCUGUAUGCUA
miR-548a-3p,CAAAACUGGCAAUUACUUUUGC
miR-586,UAUGCAUUGUAUUUUUAGGUCC
miR-587,UUUCCAUAGGUGAUGAGUCAC
miR-548b-5p,AAAAGUAAUUGUGGUUUUGGCC
miR-548b-3p,CAAGAACCUCAGUUGCUUUUGU
miR-588,UUGGCCACAAUGGGUUAGAAC
miR-589-5p,UGAGAACCACGUCUGCUCUGAG
miR-589-3p,UCAGAACAAAUGCCGGUUCCCAGA
miR-550a-5p,AGUGCCUGAGGGAGUAAGAGCCC
miR-550a-3p,UGUCUUACUCCCUCAGGCACAU
miR-590-5p,GAGCUUAUUCAUAAAAGUGCAG
miR-590-3p,UAAUUUUAUGUAUAAGCUAGU
miR-591,AGACCAUGGGUUCUCAUUGU
miR-592,UUGUGUCAAUAUGCGAUGAUGU
miR-593-5p,AGGCACCAGCCAGGCAUUGCUCAGC
miR-593-3p,UGUCUCUGCUGGGGUUUCU
miR-595,GAAGUGUGCCGUGGUGUGUCU
miR-596,AAGCCUGCCCGGCUCCUCGGG
miR-597-5p,UGUGUCACUCGAUGACCACUGU
miR-597-3p,UGGUUCUCUUGUGGCUCAAGCGU
miR-598-5p,GCGGUGAUCCCGAUGGUGUGAGC
miR-598-3p,UACGUCAUCGUUGUCAUCGUCA
miR-599,GUUGUGUCAGUUUAUCAAAC
miR-548a-5p,AAAAGUAAUUGCGAGUUUUACC
miR-600,ACUUACAGACAAGAGCCUUGCUC
miR-601,UGGUCUAGGAUUGUUGGAGGAG
miR-602,GACACGGGCGACAGCUGCGGCCC
miR-603,CACACACUGCAAUUACUUUUGC
miR-604,AGGCUGCGGAAUUCAGGAC
miR-605-5p,UAAAUCCCAUGGUGCCUUCUCCU
miR-605-3p,AGAAGGCACUAUGAGAUUUAGA
miR-606,AAACUACUGAAAAUCAAAGAU
miR-607,GUUCAAAUCCAGAUCUAUAAC
miR-608,AGGGGUGGUGUUGGGACAGCUCCGU
miR-609,AGGGUGUUUCUCUCAUCUCU
miR-610,UGAGCUAAAUGUGUGCUGGGA
miR-611,GCGAGGACCCCUCGGGGUCUGAC
miR-612,GCUGGGCAGGGCUUCUGAGCUCCUU
miR-613,AGGAAUGUUCCUUCUUUGCC
miR-614,GAACGCCUGUUCUUGCCAGGUGG
miR-615-5p,GGGGGUCCCCGGUGCUCGGAUC
miR-615-3p,UCCGAGCCUGGGUCUCCCUCUU
miR-616-5p,ACUCAAAACCCUUCAGUGACUU
miR-616-3p,AGUCAUUGGAGGGUUUGAGCAG
miR-548c-5p,AAAAGUAAUUGCGGUUUUUGCC
miR-548c-3p,CAAAAAUCUCAAUUACUUUUGC
miR-617,AGACUUCCCAUUUGAAGGUGGC
miR-618,AAACUCUACUUGUCCUUCUGAGU
miR-619-5p,GCUGGGAUUACAGGCAUGAGCC
miR-619-3p,GACCUGGACAUGUUUGUGCCCAGU
miR-620,AUGGAGAUAGAUAUAGAAAU
miR-621,GGCUAGCAACAGCGCUUACCU
miR-622,ACAGUCUGCUGAGGUUGGAGC
miR-623,AUCCCUUGCAGGGGCUGUUGGGU
miR-624-5p,UAGUACCAGUACCUUGUGUUCA
miR-624-3p,CACAAGGUAUUGGUAUUACCU
miR-625-5p,AGGGGGAAAGUUCUAUAGUCC
miR-625-3p,GACUAUAGAACUUUCCCCCUCA
miR-626,AGCUGUCUGAAAAUGUCUU
miR-627-5p,GUGAGUCUCUAAGAAAAGAGGA
miR-627-3p,UCUUUUCUUUGAGACUCACU
miR-628-5p,AUGCUGACAUAUUUACUAGAGG
miR-628-3p,UCUAGUAAGAGUGGCAGUCGA
miR-629-5p,UGGGUUUACGUUGGGAGAACU
miR-629-3p,GUUCUCCCAACGUAAGCCCAGC
miR-630,AGUAUUCUGUACCAGGGAAGGU
miR-631,AGACCUGGCCCAGACCUCAGC
miR-33b-5p,GUGCAUUGCUGUUGCAUUGC
miR-33b-3p,CAGUGCCUCGGCAGUGCAGCCC
miR-632,GUGUCUGCUUCCUGUGGGA
miR-633,CUAAUAGUAUCUACCACAAUAAA
miR-634,AACCAGCACCCCAACUUUGGAC
miR-635,ACUUGGGCACUGAAACAAUGUCC
miR-636,UGUGCUUGCUCGUCCCGCCCGCA
miR-637,ACUGGGGGCUUUCGGGCUCUGCGU
miR-638,AGGGAUCGCGGGCGGGUGGCGGCCU
miR-639,AUCGCUGCGGUUGCGAGCGCUGU
miR-640,AUGAUCCAGGAACCUGCCUCU
miR-641,AAAGACAUAGGAUAGAGUCACCUC
miR-642a-5p,GUCCCUCUCCAAAUGUGUCUUG
miR-642a-3p,AGACACAUUUGGAGAGGGAACC
miR-643,ACUUGUAUGCUAGCUCAGGUAG
miR-644a,AGUGUGGCUUUCUUAGAGC
miR-645,UCUAGGCUGGUACUGCUGA
miR-646,AAGCAGCUGCCUCUGAGGC
miR-647,GUGGCUGCACUCACUUCCUUC
miR-648,AAGUGUGCAGGGCACUGGU
miR-649,AAACCUGUGUUGUUCAAGAGUC
miR-650,AGGAGGCAGCGCUCUCAGGAC
miR-651-5p,UUUAGGAUAAGCUUGACUUUUG
miR-651-3p,AAAGGAAAGUGUAUCCUAAAAG
miR-652-5p,CAACCCUAGGAGAGGGUGCCAUUCA
miR-652-3p,AAUGGCGCCACUAGGGUUGUG
miR-548d-5p,AAAAGUAAUUGUGGUUUUUGCC
miR-548d-3p,CAAAAACCACAGUUUCUUUUGC
miR-661,UGCCUGGGUCUCUGGCCUGCGCGU
miR-662,UCCCACGUUGUGGCCCAGCAG
miR-663a,AGGCGGGGCGCCGCGGGACCGC
miR-449b-5p,AGGCAGUGUAUUGUUAGCUGGC
miR-449b-3p,CAGCCACAACUACCCUGCCACU
miR-653-5p,GUGUUGAAACAAUCUCUACUG
miR-653-3p,UUCACUGGAGUUUGUUUCAAUA
miR-411-5p,UAGUAGACCGUAUAGCGUACG
miR-411-3p,UAUGUAACACGGUCCACUAACC
miR-654-5p,UGGUGGGCCGCAGAACAUGUGC
miR-654-3p,UAUGUCUGCUGACCAUCACCUU
miR-655-5p,AGAGGUUAUCCGUGUUAUGUUC
miR-655-3p,AUAAUACAUGGUUAACCUCUUU
miR-656-5p,AGGUUGCCUGUGAGGUGUUCA
miR-656-3p,AAUAUUAUACAGUCAACCUCU
miR-549a-5p,AGCUCAUCCAUAGUUGUCACUG
miR-549a-3p,UGACAACUAUGGAUGAGCUCU
miR-657,GGCAGGUUCUCACCCUCUCUAGG
miR-658,GGCGGAGGGAAGUAGGUCCGUUGGU
miR-659-5p,AGGACCUUCCCUGAACCAAGGA
miR-659-3p,CUUGGUUCAGGGAGGGUCCCCA
miR-660-5p,UACCCAUUGCAUAUCGGAGUUG
miR-660-3p,ACCUCCUGUGUGCAUGGAUUA
miR-421,AUCAACAGACAUUAAUUGGGCGC
miR-542-5p,UCGGGGAUCAUCAUGUCACGAGA
miR-542-3p,UGUGACAGAUUGAUAACUGAAA
miR-758-5p,GAUGGUUGACCAGAGAGCACAC
miR-758-3p,UUUGUGACCUGGUCCACUAACC
miR-1264,CAAGUCUUAUUUGAGCACCUGUU
miR-671-5p,AGGAAGCCCUGGAGGGGCUGGAG
miR-671-3p,UCCGGUUCUCAGGGCUCCACC
miR-668-5p,UGCGCCUCGGGUGAGCAUG
miR-668-3p,UGUCACUCGGCUCGGCCCACUAC
miR-550a-3-5p,AGUGCCUGAGGGAGUAAGAG
miR-767-5p,UGCACCAUGGUUGUCUGAGCAUG
miR-767-3p,UCUGCUCAUACCCCAUGGUUUCU
miR-1224-5p,GUGAGGACUCGGGAGGUGG
miR-1224-3p,CCCCACCUCCUCUCUCCUCAG
miR-151b,UCGAGGAGCUCACAGUCU
miR-320b,AAAAGCUGGGUUGAGAGGGCAA
miR-320c,AAAAGCUGGGUUGAGAGGGU
miR-1296-5p,UUAGGGCCCUGGCUCCAUCUCC
miR-1296-3p,GAGUGGGGCUUCGACCCUAACC
miR-1468-5p,CUCCGUUUGCCUGUUUCGCUG
miR-1468-3p,AGCAAAAUAAGCAAAUGGAAAA
miR-1323,UCAAAACUGAGGGGCAUUUUCU
miR-1271-5p,CUUGGCACCUAGCAAGCACUCA
miR-1271-3p,AGUGCCUGCUAUGUGCCAGGCA
miR-1301-5p,CGCUCUAGGCACCGCAGCA
miR-1301-3p,UUGCAGCUGCCUGGGAGUGACUUC
miR-454-5p,ACCCUAUCAAUAUUGUCUCUGC
miR-454-3p,UAGUGCAAUAUUGCUUAUAGGGU
miR-1185-5p,AGAGGAUACCCUUUGUAUGUU
miR-1185-2-3p,AUAUACAGGGGGAGACUCUCAU
miR-449c-5p,UAGGCAGUGUAUUGCUAGCGGCUGU
miR-449c-3p,UUGCUAGUUGCACUCCUCUCUGU
miR-1283,UCUACAAAGGAAAGCGCUUUCU
miR-769-5p,UGAGACCUCUGGGUUCUGAGCU
miR-769-3p,CUGGGAUCUCCGGGGUCUUGGUU
miR-766-5p,AGGAGGAAUUGGUGCUGGUCUU
miR-766-3p,ACUCCAGCCCCACAGCCUCAGC
miR-378d,ACUGGACUUGGAGUCAGAAA
miR-1185-1-3p,AUAUACAGGGGGAGACUCUUAU
miR-762,GGGGCUGGGGCCGGGGCCGAGC
miR-802,CAGUAACAAAGAUUCAUCCUUGU
miR-670-5p,GUCCCUGAGUGUAUGUGGUG
miR-670-3p,UUUCCUCAUAUUCAUUCAGGA
miR-1298-5p,UUCAUUCGGCUGUCCAGAUGUA
miR-1298-3p,CAUCUGGGCAACUGACUGAAC
miR-2113,AUUUGUGCUUGGCUCUGUCAC
miR-761,GCAGCAGGGUGAAACUGACACA
miR-764,GCAGGUGCUCACUUGUCCUCCU
miR-759,GCAGAGUGCAAACAAUUUUGAC
miR-765,UGGAGGAGAAGGAAGGUGAUG
miR-770-5p,UCCAGUACCACGUGUCAGGGCCA
miR-675-5p,UGGUGCGGAGAGGGCCCACAGUG
miR-675-3p,CUGUAUGCCCUCACCGCUCA
miR-298,AGCAGAAGCAGGGAGGUUCUCCCA
miR-891a-5p,UGCAACGAACCUGAGCCACUGA
miR-891a-3p,AGUGGCACAUGUUUGUUGUGAG
miR-300,UAUACAAGGGCAGACUCUCUCU
miR-892a,CACUGUGUCCUUUCUGCGUAG
miR-450b-5p,UUUUGCAAUAUGUUCCUGAAUA
miR-450b-3p,UUGGGAUCAUUUUGCAUCCAUA
miR-874-5p,CGGCCCCACGCACCAGGGUAAGA
miR-874-3p,CUGCCCUGGCCCGAGGGACCGA
miR-890,UACUUGGAAAGGCAUCAGUUG
miR-891b,UGCAACUUACCUGAGUCAUUGA
miR-888-5p,UACUCAAAAAGCUGUCAGUCA
miR-888-3p,GACUGACACCUCUUUGGGUGAA
miR-892b,CACUGGCUCCUUUCUGGGUAGA
miR-541-5p,AAAGGAUUCUGCUGUCGGUCCCACU
miR-541-3p,UGGUGGGCACAGAAUCUGGACU
miR-889-5p,AAUGGCUGUCCGUAGUAUGGUC
miR-889-3p,UUAAUAUCGGACAACCAUUGU
miR-875-5p,UAUACCUCAGUUUUAUCAGGUG
miR-875-3p,CCUGGAAACACUGAGGUUGUG
miR-876-5p,UGGAUUUCUUUGUGAAUCACCA
miR-876-3p,UGGUGGUUUACAAAGUAAUUCA
miR-708-5p,AAGGAGCUUACAAUCUAGCUGGG
miR-708-3p,CAACUAGACUGUGAGCUUCUAG
miR-147b-5p,UGGAAACAUUUCUGCACAAACU
miR-147b-3p,GUGUGCGGAAAUGCUUCUGCU
miR-190b-5p,UGAUAUGUUUGAUAUUGGGUUG
miR-190b-3p,ACUAAAUGUCAAACAUAUUCU
miR-744-5p,UGCGGGGCUAGGGCUAACAGCA
miR-744-3p,CUGUUGCCACUAACCUCAACCU
miR-885-5p,UCCAUUACACUACCCUGCCUCU
miR-885-3p,AGGCAGCGGGGUGUAGUGGAUA
miR-877-5p,GUAGAGGAGAUGGCGCAGGG
miR-877-3p,UCCUCUUCUCCCUCCUCCCAG
miR-887-5p,CUUGGGAGCCCUGUUAGACUC
miR-887-3p,GUGAACGGGCGCCAUCCCGAGG
miR-665,ACCAGGAGGCUGAGGCCCCU
miR-873-5p,GCAGGAACUUGUGAGUCUCCU
miR-873-3p,GGAGACUGAUGAGUUCCCGGGA
miR-543,AAACAUUCGCGGUGCACUUCUU
miR-374b-5p,AUAUAAUACAACCUGCUAAGUG
miR-374b-3p,CUUAGCAGGUUGUAUUAUCAUU
miR-760,CGGCUCUGGGUCUGUGGGGA
miR-301b-5p,GCUCUGACGAGGUUGCACUACU
miR-301b-3p,CAGUGCAAUGAUAUUGUCAAAGC
miR-216b-5p,AAAUCUCUGCAGGCAAAUGUGA
miR-216b-3p,ACACACUUACCCGUAGAGAUUCUA
miR-208b-5p,AAGCUUUUUGCUCGAAUUAUGU
miR-208b-3p,AUAAGACGAACAAAAGGUUUGU
miR-920,GGGGAGCUGUGGAAGCAGUA
miR-921,CUAGUGAGGGACAGAACCAGGAUUC
miR-922,GCAGCAGAGAAUAGGACUACGUC
miR-924,AGAGUCUUGUGAUGUCUUGC
miR-509-3-5p,UACUGCAGACGUGGCAAUCAUG
miR-933,UGUGCGCAGGGAGACCUCUCCC
miR-934,UGUCUACUACUGGAGACACUGG
miR-935,CCAGUUACCGCUUCCGCUACCGC
miR-936,ACAGUAGAGGGAGGAAUCGCAG
miR-937-5p,GUGAGUCAGGGUGGGGCUGG
miR-937-3p,AUCCGCGCUCUGACUCUCUGCC
miR-938,UGCCCUUAAAGGUGAACCCAGU
miR-939-5p,UGGGGAGCUGAGGCUCUGGGGGUG
miR-939-3p,CCCUGGGCCUCUGCUCCCCAG
miR-940,AAGGCAGGGCCCCCGCUCCCC
miR-941,CACCCGGCUGUGUGCACAUGUGC
miR-942-5p,UCUUCUCUGUUUUGGCCAUGUG
miR-942-3p,CACAUGGCCGAAACAGAGAAGU
miR-943,CUGACUGUUGCCGUCCUCCAG
miR-944,AAAUUAUUGUACAUCGGAUGAG
miR-297,AUGUAUGUGUGCAUGUGCAUG
miR-1178-5p,CAGGGUCAGCUGAGCAUG
miR-1178-3p,UUGCUCACUGUUCUUCCCUAG
miR-1179,AAGCAUUCUUUCAUUGGUUGG
miR-1180-5p,GGACCCACCCGGCCGGGAAUA
miR-1180-3p,UUUCCGGCUCGCGUGGGUGUGU
miR-1181,CCGUCGCCGCCACCCGAGCCG
miR-1182,GAGGGUCUUGGGAGGGAUGUGAC
miR-1183,CACUGUAGGUGAUGGUGAGAGUGGGCA
miR-1184,CCUGCAGCGACUUGAUGGCUUCC
miR-1225-5p,GUGGGUACGGCCCAGUGGGGGG
miR-1225-3p,UGAGCCCCUGUGCCGCCCCCAG
miR-1226-5p,GUGAGGGCAUGCAGGCCUGGAUGGGG
miR-1226-3p,UCACCAGCCCUGUGUUCCCUAG
miR-1227-5p,GUGGGGCCAGGCGGUGG
miR-1227-3p,CGUGCCACCCUUUUCCCCAG
miR-1228-5p,GUGGGCGGGGGCAGGUGUGUG
miR-1228-3p,UCACACCUGCCUCGCCCCCC
miR-1229-5p,GUGGGUAGGGUUUGGGGGAGAGCG
miR-1229-3p,CUCUCACCACUGCCCUCCCACAG
miR-1231,GUGUCUGGGCGGACAGCUGC
miR-1233-5p,AGUGGGAGGCCAGGGCACGGCA
miR-1233-3p,UGAGCCCUGUCCUCCCGCAG
miR-1234-3p,UCGGCCUGACCACCCACCCCAC
miR-1236-5p,UGAGUGACAGGGGAAAUGGGGA
miR-1236-3p,CCUCUUCCCCUUGUCUCUCCAG
miR-1237-5p,CGGGGGCGGGGCCGAAGCGCG
miR-1237-3p,UCCUUCUGCUCCGUCCCCCAG
miR-1238-5p,GUGAGUGGGAGCCCCAGUGUGUG
miR-1238-3p,CUUCCUCGUCUGUCUGCCCC
miR-1200,CUCCUGAGCCAUUCUGAGCCUC
miR-1202,GUGCCAGCUGCAGUGGGGGAG
miR-1203,CCCGGAGCCAGGAUGCAGCUC
miR-663b,GGUGGCCCGGCCGUGCCUGAGG
miR-1204,UCGUGGCCUGGUCUCCAUUAU
miR-1205,UCUGCAGGGUUUGCUUUGAG
miR-1206,UGUUCAUGUAGAUGUUUAAGC
miR-1207-5p,UGGCAGGGAGGCUGGGAGGGG
miR-1207-3p,UCAGCUGGCCCUCAUUUC
miR-1208,UCACUGUUCAGACAGGCGGA
miR-548e-5p,CAAAAGCAAUCGCGGUUUUUGC
miR-548e-3p,AAAAACUGAGACUACUUUUGCA
miR-548j-5p,AAAAGUAAUUGCGGUCUUUGGU
miR-548j-3p,CAAAAACUGCAUUACUUUUGC
miR-1285-5p,GAUCUCACUUUGUUGCCCAGG
miR-1285-3p,UCUGGGCAACAAAGUGAGACCU
miR-1286,UGCAGGACCAAGAUGAGCCCU
miR-1287-5p,UGCUGGAUCAGUGGUUCGAGUC
miR-1287-3p,CUCUAGCCACAGAUGCAGUGAU
miR-1289,UGGAGUCCAGGAAUCUGCAUUUU
miR-1290,UGGAUUUUUGGAUCAGGGA
miR-1291,UGGCCCUGACUGAAGACCAGCAGU
miR-548k,AAAAGUACUUGCGGAUUUUGCU
miR-1293,UGGGUGGUCUGGAGAUUUGUGC
miR-1294,UGUGAGGUUGGCAUUGUUGUCU
miR-1295a,UUAGGCCGCAGAUCUGGGUGA
miR-1297,UUCAAGUAAUUCAGGUG
miR-1299,UUCUGGAAUUCUGUGUGAGGGA
miR-548l,AAAAGUAUUUGCGGGUUUUGUC
miR-1302,UUGGGACAUACUUAUGCUAAA
miR-1303,UUUAGAGACGGGGUCUUGCUCU
miR-1304-5p,UUUGAGGCUACAGUGAGAUGUG
miR-1304-3p,UCUCACUGUAGCCUCGAACCCC
miR-1305,UUUUCAACUCUAAUGGGAGAGA
miR-1243,AACUGGAUCAAUUAUAGGAGUG
miR-548f-5p,UGCAAAAGUAAUCACAGUUUUU
miR-548f-3p,AAAAACUGUAAUUACUUUU
miR-1244,AAGUAGUUGGUUUGUAUGAGAUGGUU
miR-1245a,AAGUGAUCUAAAGGCCUACAU
miR-1246,AAUGGAUUUUUGGAGCAGG
miR-1247-5p,ACCCGUCCCGUUCGUCCCCGGA
miR-1247-3p,CCCCGGGAACGUCGAGACUGGAGC
miR-1248,ACCUUCUUGUAUAAGCACUGUGCUAAA
miR-1249-5p,AGGAGGGAGGAGAUGGGCCAAGUU
miR-1249-3p,ACGCCCUUCCCCCCCUUCUUCA
miR-1250-5p,ACGGUGCUGGAUGUGGCCUUU
miR-1250-3p,ACAUUUUCCAGCCCAUUCA
miR-1251-5p,ACUCUAGCUGCCAAAGGCGCU
miR-1251-3p,CGCUUUGCUCAGCCAGUGUAG
miR-1253,AGAGAAGAAGAUCAGCCUGCA
miR-1255a,AGGAUGAGCAAAGAAAGUAGAUU
miR-1256,AGGCAUUGACUUCUCACUAGCU
miR-1257,AGUGAAUGAUGGGUUCUGACC
miR-1258,AGUUAGGAUUAGGUCGUGGAA
miR-1260a,AUCCCACCUCUGCCACCA
miR-548g-5p,UGCAAAAGUAAUUGCAGUUUUUG
miR-548g-3p,AAAACUGUAAUUACUUUUGUAC
miR-1261,AUGGAUAAGGCUUUGGCUU
miR-1262,AUGGGUGAAUUUGUAGAAGGAU
miR-1263,AUGGUACCCUGGCAUACUGAGU
miR-548n,CAAAAGUAAUUGUGGAUUUUGU
miR-548m,CAAAGGUAUUUGUGGUUUUUG
miR-1265,CAGGAUGUGGUCAAGUGUUGUU
miR-548o-3p,CCAAAACUGCAGUUACUUUUGC
miR-1266-5p,CCUCAGGGCUGUAGAACAGGGCU
miR-1266-3p,CCCUGUUCUAUGCCCUGAGGGA
miR-1267,CCUGUUGAAGUGUAAUCCCCA
miR-1268a,CGGGCGUGGUGGUGGGGG
miR-1269a,CUGGACUGAGCCGUGCUACUGG
miR-1270,CUGGAGAUAUGGAAGAGCUGUGU
miR-1272,GAUGAUGAUGGCAGCAAAUUCUGAAA
miR-548h-5p,AAAAGUAAUCGCGGUUUUUGUC
miR-548h-3p,CAAAAACCGCAAUUACUUUUGCA
miR-1275,GUGGGGGAGAGGCUGUC
miR-1276,UAAAGAGCCCUGUGGAGACA
miR-302e,UAAGUGCUUCCAUGCUU
miR-302f,UAAUUGCUUCCAUGUUU
miR-1277-5p,AAAUAUAUAUAUAUAUGUACGUAU
miR-1277-3p,UACGUAGAUAUAUAUGUAUUUU
miR-548p,UAGCAAAAACUGCAGUUACUUU
miR-548i,AAAAGUAAUUGCGGAUUUUGCC
miR-1278,UAGUACUGUGCAUAUCAUCUAU
miR-1279,UCAUAUUGCUUCUUUCU
miR-1281,UCGCCUCCUCCUCUCCC
miR-1282,UCGUUUGCCUUUUUCUGCUU
miR-1284,UCUAUACAGACCCUGGCUUUUC
miR-1288-5p,GCAGAUCAGGACUGUAACUCACC
miR-1288-3p,UGGACUGCCCUGAUCUGGAGA
miR-1292-5p,UGGGAACGGGUUCCGGCAGACGCUG
miR-1292-3p,UCGCGCCCCGGCUCCCGUUC
miR-1252-5p,AGAAGGAAAUUGAAUUCAUUUA
miR-1252-3p,CAAAUGAGCUUAAUUUCCUUUU
miR-1255b-5p,CGGAUGAGCAAAGAAAGUGGUU
miR-1255b-2-3p,AACCACUUUCUUUGCUCAUCCA
miR-664a-5p,ACUGGCUAGGGAAAAUGAUUGGAU
miR-664a-3p,UAUUCAUUUAUCCCCAGCCUACA
miR-1306-5p,CCACCUCCCCUGCAAACGUCCA
miR-1306-3p,ACGUUGGCUCUGGUGGUG
miR-1307-5p,UCGACCGGACCUCGACCGGCU
miR-1307-3p,ACUCGGCGUGGCGUCGGUCGUG
miR-513b-5p,UUCACAAGGAGGUGUCAUUUAU
miR-513b-3p,AAAUGUCACCUUUUUGAGAGGA
miR-513c-5p,UUCUCAAGGAGGUGUCGUUUAU
miR-513c-3p,UAAAUUUCACCUUUCUGAGAAGA
miR-1321,CAGGGAGGUGAAUGUGAU
miR-1322,GAUGAUGCUGCUGAUGCUG
miR-1197,UAGGACACAUGGUCUACUUCU
miR-1324,CCAGACAGAAUUCUAUGCACUUUC
miR-1469,CUCGGCGCGGGGCGCGGGCUCC
miR-1470,GCCCUCCGCCCGUGCACCCCG
miR-1471,GCCCGCGUGUGGAGCCAGGUGU
miR-1537-5p,AGCUGUAAUUAGUCAGUUUUCU
miR-1537-3p,AAAACCGUCUAGUUACAGUUGU
miR-1538,CGGCCCGGGCUGCUGCUGUUCCU
miR-1539,UCCUGCGCGUCCCAGAUGCCC
miR-103b,UCAUAGCCCUGUACAAUGCUGCU
miR-320d,AAAAGCUGGGUUGAGAGGA
miR-1825,UCCAGUGCCCUCCUCUCC
miR-1827,UGAGGCAGUAGAUUGAAU
miR-1908-5p,CGGCGGGGACGGCGAUUGGUC
miR-1908-3p,CCGGCCGCCGGCUCCGCCCCG
miR-1909-5p,UGAGUGCCGGUGCCUGCCCUG
miR-1909-3p,CGCAGGGGCCGGGUGCUCACCG
miR-1910-5p,CCAGUCCUGUGCCUGCCGCCU
miR-1910-3p,GAGGCAGAAGCAGGAUGACA
miR-1911-5p,UGAGUACCGCCAUGUCUGUUGGG
miR-1911-3p,CACCAGGCAUUGUGGUCUCC
miR-1912-5p,CUCAUUGCAUGGGCUGUGUAUA
miR-1912-3p,UACCCAGAGCAUGCAGUGUGAA
miR-1913,UCUGCCCCCUCCGCUGCUGCCA
miR-1914-5p,CCCUGUGCCCGGCCCACUUCUG
miR-1914-3p,GGAGGGGUCCCGCACUGGGAGG
miR-1915-5p,ACCUUGCCUUGCUGCCCGGGCC
miR-1915-3p,CCCCAGGGCGACGCGGCGGG
miR-1972,UCAGGCCAGGCACAGUGGCUCA
miR-1973,ACCGUGCAAAGGUAGCAUA
miR-1976,CCUCCUGCCCUCCUUGCUGU
miR-2052,UGUUUUGAUAACAGUAAUGU
miR-2053,GUGUUAAUUAAACCUCUAUUUAC
miR-2054,CUGUAAUAUAAAUUUAAUUUAUU
miR-2110,UUGGGGAAACGGCCGCUGAGUG
miR-2114-5p,UAGUCCCUUCCUUGAAGCGGUC
miR-2114-3p,CGAGCCUCAAGCAAGGGACUU
miR-2115-5p,AGCUUCCAUGACUCCUGAUGGA
miR-2115-3p,CAUCAGAAUUCAUGGAGGCUAG
miR-2116-5p,GGUUCUUAGCAUAGGAGGUCU
miR-2116-3p,CCUCCCAUGCCAAGAACUCCC
miR-2117,UGUUCUCUUUGCCAAGGACAG
miR-548q,GCUGGUGCAAAAGUAAUGGCGG
miR-2276-5p,GCCCUCUGUCACCUUGCAGACG
miR-2276-3p,UCUGCAAGUGUCAGAGGCGAGG
miR-2277-5p,AGCGCGGGCUGAGCGCUGCCAGUC
miR-2277-3p,UGACAGCGCCCUGCCUGGCUC
miR-2278,GAGAGCAGUGUGUGUUGCCUGG
miR-2681-5p,GUUUUACCACCUCCAGGAGACU
miR-2681-3p,UAUCAUGGAGUUGGUAAAGCAC
miR-2682-5p,CAGGCAGUGACUGUUCAGACGUC
miR-2682-3p,CGCCUCUUCAGCGCUGUCUUCC
miR-711,GGGACCCAGGGAGAGACGUAAG
miR-718,CUUCCGCCCCGCCGGGCGUCG
miR-2861,GGGGCCUGGCGGUGGGCGG
miR-2909,GUUAGGGCCAACAUCUCUUGG
miR-3115,AUAUGGGUUUACUAGUUGGU
miR-3116,UGCCUGGAACAUAGUAGGGACU
miR-3117-5p,AGACACUAUACGAGUCAUAU
miR-3117-3p,AUAGGACUCAUAUAGUGCCAG
miR-3118,UGUGACUGCAUUAUGAAAAUUCU
miR-3119,UGGCUUUUAACUUUGAUGGC
miR-3120-5p,CCUGUCUGUGCCUGCUGUACA
miR-3120-3p,CACAGCAAGUGUAGACAGGCA
miR-3121-5p,UCCUUUGCCUAUUCUAUUUAAG
miR-3121-3p,UAAAUAGAGUAGGCAAAGGACA
miR-3122,GUUGGGACAAGAGGACGGUCUU
miR-3123,CAGAGAAUUGUUUAAUC
miR-3124-5p,UUCGCGGGCGAAGGCAAAGUC
miR-3124-3p,ACUUUCCUCACUCCCGUGAAGU
miR-548s,AUGGCCAAAACUGCAGUUAUUUU
miR-3125,UAGAGGAAGCUGUGGAGAGA
miR-3126-5p,UGAGGGACAGAUGCCAGAAGCA
miR-3126-3p,CAUCUGGCAUCCGUCACACAGA
miR-3127-5p,AUCAGGGCUUGUGGAAUGGGAAG
miR-3127-3p,UCCCCUUCUGCAGGCCUGCUGG
miR-3128,UCUGGCAAGUAAAAAACUCUCAU
miR-3129-5p,GCAGUAGUGUAGAGAUUGGUUU
miR-3129-3p,AAACUAAUCUCUACACUGCUGC
miR-3130-5p,UACCCAGUCUCCGGUGCAGCC
miR-3130-3p,GCUGCACCGGAGACUGGGUAA
miR-3131,UCGAGGACUGGUGGAAGGGCCUU
miR-3132,UGGGUAGAGAAGGAGCUCAGAGGA
miR-3133,UAAAGAACUCUUAAAACCCAAU
miR-378b,ACUGGACUUGGAGGCAGAA
miR-3134,UGAUGGAUAAAAGACUACAUAUU
miR-3135a,UGCCUAGGCUGAGACUGCAGUG
miR-466,AUACACAUACACGCAACACACAU
miR-3136-5p,CUGACUGAAUAGGUAGGGUCAUU
miR-3136-3p,UGGCCCAACCUAUUCAGUUAGU
miR-544b,ACCUGAGGUUGUGCAUUUCUAA
miR-3137,UCUGUAGCCUGGGAGCAAUGGGGU
miR-3138,UGUGGACAGUGAGGUAGAGGGAGU
miR-3139,UAGGAGCUCAACAGAUGCCUGUU
miR-3140-5p,ACCUGAAUUACCAAAAGCUUU
miR-3140-3p,AGCUUUUGGGAAUUCAGGUAGU
miR-548t-5p,CAAAAGUGAUCGUGGUUUUUG
miR-548t-3p,AAAAACCACAAUUACUUUUGCACCA
miR-3141,GAGGGCGGGUGGAGGAGGA
miR-3142,AAGGCCUUUCUGAACCUUCAGA
miR-3143,AUAACAUUGUAAAGCGCUUCUUUCG
miR-548u,CAAAGACUGCAAUUACUUUUGCG
miR-3144-5p,AGGGGACCAAAGAGAUAUAUAG
miR-3144-3p,AUAUACCUGUUCGGUCUCUUUA
miR-3145-5p,AACUCCAAACACUCAAAACUCA
miR-3145-3p,AGAUAUUUUGAGUGUUUGGAAUUG
miR-1273c,GGCGACAAAACGAGACCCUGUC
miR-3146,CAUGCUAGGAUAGAAAGAAUGG
miR-3147,GGUUGGGCAGUGAGGAGGGUGUGA
miR-548v,AGCUACAGUUACUUUUGCACCA
miR-3148,UGGAAAAAACUGGUGUGUGCUU
miR-3149,UUUGUAUGGAUAUGUGUGUGUAU
miR-3150a-5p,CAACCUCGACGAUCUCCUCAGC
miR-3150a-3p,CUGGGGAGAUCCUCGAGGUUGG
miR-3151-5p,GGUGGGGCAAUGGGAUCAGGU
miR-3151-3p,CCUGAUCCCACAGCCCACCU
miR-3152-5p,AUUGCCUCUGUUCUAACACAAG
miR-3152-3p,UGUGUUAGAAUAGGGGCAAUAA
miR-3153,GGGGAAAGCGAGUAGGGACAUUU
miR-3074-5p,GUUCCUGCUGAACUGAGCCAG
miR-3074-3p,GAUAUCAGCUCAGUAGGCACCG
miR-3154,CAGAAGGGGAGUUGGGAGCAGA
miR-3155a,CCAGGCUCUGCAGUGGGAACU
miR-3156-5p,AAAGAUCUGGAAGUGGGAGACA
miR-3156-3p,CUCCCACUUCCAGAUCUUUCU
miR-3157-5p,UUCAGCCAGGCUAGUGCAGUCU
miR-3157-3p,CUGCCCUAGUCUAGCUGAAGCU
miR-3158-5p,CCUGCAGAGAGGAAGCCCUUC
miR-3158-3p,AAGGGCUUCCUCUCUGCAGGAC
miR-3159,UAGGAUUACAAGUGUCGGCCAC
miR-3160-5p,GGCUUUCUAGUCUCAGCUCUCC
miR-3160-3p,AGAGCUGAGACUAGAAAGCCCA
miR-3161,CUGAUAAGAACAGAGGCCCAGAU
miR-3162-5p,UUAGGGAGUAGAAGGGUGGGGAG
miR-3162-3p,UCCCUACCCCUCCACUCCCCA
miR-3163,UAUAAAAUGAGGGCAGUAAGAC
miR-3164,UGUGACUUUAAGGGAAAUGGCG
miR-3165,AGGUGGAUGCAAUGUGACCUCA
miR-3166,CGCAGACAAUGCCUACUGGCCUA
miR-1260b,AUCCCACCACUGCCACCAU
miR-3167,AGGAUUUCAGAAAUACUGGUGU
miR-3168,GAGUUCUACAGUCAGAC
miR-3169,UAGGACUGUGCUUGGCACAUAG
miR-3170,CUGGGGUUCUGAGACAGACAGU
miR-3171,AGAUGUAUGGAAUCUGUAUAUAUC
miR-3173-5p,UGCCCUGCCUGUUUUCUCCUUU
miR-3173-3p,AAAGGAGGAAAUAGGCAGGCCA
miR-1193,GGGAUGGUAGACCGGUGACGUGC
miR-323b-5p,AGGUUGUCCGUGGUGAGUUCGCA
miR-323b-3p,CCCAAUACACGGUCGACCUCUU
miR-3174,UAGUGAGUUAGAGAUGCAGAGCC
miR-3175,CGGGGAGAGAACGCAGUGACGU
miR-3176,ACUGGCCUGGGACUACCGG
miR-3177-5p,UGUGUACACACGUGCCAGGCGCU
miR-3177-3p,UGCACGGCACUGGGGACACGU
miR-3178,GGGGCGCGGCCGGAUCG
miR-3179,AGAAGGGGUGAAAUUUAAACGU
miR-3180-5p,CUUCCAGACGCUCCGCCCCACGUCG
miR-3180-3p,UGGGGCGGAGCUUCCGGAGGCC
miR-548w,AAAAGUAACUGCGGUUUUUGCCU
miR-3181,AUCGGGCCCUCGGCGCCGG
miR-3182,GCUUCUGUAGUGUAGUC
miR-3183,GCCUCUCUCGGAGUCGCUCGGA
miR-3184-5p,UGAGGGGCCUCAGACCGAGCUUUU
miR-3184-3p,AAAGUCUCGCUCUCUGCCCCUCA
miR-3185,AGAAGAAGGCGGUCGGUCUGCGG
miR-3065-5p,UCAACAAAAUCACUGAUGCUGGA
miR-3065-3p,UCAGCACCAGGAUAUUGUUGGAG
miR-3186-5p,CAGGCGUCUGUCUACGUGGCUU
miR-3186-3p,UCACGCGGAGAGAUGGCUUUG
miR-3187-5p,CCUGGGCAGCGUGUGGCUGAAGG
miR-3187-3p,UUGGCCAUGGGGCUGCGCGG
miR-3188,AGAGGCUUUGUGCGGAUACGGGG
miR-3189-5p,UGCCCCAUCUGUGCCCUGGGUAGGA
miR-3189-3p,CCCUUGGGUCUGAUGGGGUAG
miR-320e,AAAGCUGGGUUGAGAAGG
miR-3190-5p,UCUGGCCAGCUACGUCCCCA
miR-3190-3p,UGUGGAAGGUAGACGGCCAGAGA
miR-3191-5p,CUCUCUGGCCGUCUACCUUCCA
miR-3191-3p,UGGGGACGUAGCUGGCCAGACAG
miR-3192-5p,UCUGGGAGGUUGUAGCAGUGGAA
miR-3192-3p,CUCUGAUCGCCCUCUCAGCUC
miR-3193,UCCUGCGUAGGAUCUGAGGAGU
miR-3194-5p,GGCCAGCCACCAGGAGGGCUG
miR-3194-3p,AGCUCUGCUGCUCACUGGCAGU
miR-3195,CGCGCCGGGCCCGGGUU
miR-3196,CGGGGCGGCAGGGGCCUC
miR-548x-5p,UGCAAAAGUAAUUGCAGUUUUUG
miR-548x-3p,UAAAAACUGCAAUUACUUUC
miR-3197,GGAGGCGCAGGCUCGGAAAGGCG
miR-3198,GUGGAGUCCUGGGGAAUGGAGA
miR-3199,AGGGACUGCCUUAGGAGAAAGUU
miR-3200-5p,AAUCUGAGAAGGCGCACAAGGU
miR-3200-3p,CACCUUGCGCUACUCAGGUCUG
miR-3201,GGGAUAUGAAGAAAAAU
miR-514b-5p,UUCUCAAGAGGGAGGCAAUCAU
miR-514b-3p,AUUGACACCUCUGUGAGUGGA
miR-3202,UGGAAGGGAGAAGAGCUUUAAU
miR-4295,CAGUGCAAUGUUUUCCUU
miR-4296,AUGUGGGCUCAGGCUCA
miR-4297,UGCCUUCCUGUCUGUG
miR-378c,ACUGGACUUGGAGUCAGAAGAGUGG
miR-4293,CAGCCUGACAGGAACAG
miR-4294,GGGAGUCUACAGCAGGG
miR-4301,UCCCACUACUUCACUUGUGA
miR-4299,GCUGGUGACAUGAGAGGC
miR-4298,CUGGGACAGGAGGAGGAGGCAG
miR-4300,UGGGAGCUGGACUACUUC
miR-4304,CCGGCAUGUCCAGGGCA
miR-4302,CCAGUGUGGCUCAGCGAG
miR-4303,UUCUGAGCUGAGGACAG
miR-4305,CCUAGACACCUCCAGUUC
miR-4306,UGGAGAGAAAGGCAGUA
miR-4309,CUGGAGUCUAGGAUUCCA
miR-4307,AAUGUUUUUUCCUGUUUCC
miR-4308,UCCCUGGAGUUUCUUCUU
miR-4310,GCAGCAUUCAUGUCCC
miR-4311,GAAAGAGAGCUGAGUGUG
miR-4312,GGCCUUGUUCCUGUCCCCA
miR-4313,AGCCCCCUGGCCCCAAACCC
miR-4315,CCGCUUUCUGAGCUGGAC
miR-4316,GGUGAGGCUAGCUGGUG
miR-4314,CUCUGGGAAAUGGGACAG
miR-4318,CACUGUGGGUACAUGCU
miR-4319,UCCCUGAGCAAAGCCAC
miR-4320,GGGAUUCUGUAGCUUCCU
miR-4317,ACAUUGCCAGGGAGUUU
miR-4322,CUGUGGGCUCAGCGCGUGGGG
miR-4321,UUAGCGGUGGACCGCCCUGCG
miR-4323,CAGCCCCACAGCCUCAGA
miR-4324,CCCUGAGACCCUAACCUUAA
miR-4256,AUCUGACCUGAUGAAGGU
miR-4257,CCAGAGGUGGGGACUGAG
miR-4258,CCCCGCCACCGCCUUGG
miR-4259,CAGUUGGGUCUAGGGGUCAGGA
miR-4260,CUUGGGGCAUGGAGUCCCA
miR-4253,AGGGCAUGUCCAGGGGGU
miR-4251,CCUGAGAAAAGGGCCAA
miR-4254,GCCUGGAGCUACUCCACCAUCUC
miR-4255,CAGUGUUCAGAGAUGGA
miR-4252,GGCCACUGAGUCAGCACCA
miR-4325,UUGCACUUGUCUCAGUGA
miR-4326,UGUUCCUCUGUCUCCCAGAC
miR-4327,GGCUUGCAUGGGGGACUGG
miR-4261,AGGAAACAGGGACCCA
miR-4265,CUGUGGGCUCAGCUCUGGG
miR-4266,CUAGGAGGCCUUGGCC
miR-4267,UCCAGCUCGGUGGCAC
miR-4262,GACAUUCAGACUACCUG
miR-2355-5p,AUCCCCAGAUACAAUGGACAA
miR-2355-3p,AUUGUCCUUGCUGUUUGGAGAU
miR-4268,GGCUCCUCCUCUCAGGAUGUG
miR-4269,GCAGGCACAGACAGCCCUGGC
miR-4263,AUUCUAAGUGCCUUGGCC
miR-4264,ACUCAGUCAUGGUCAUU
miR-4270,UCAGGGAGUCAGGGGAGGGC
miR-4271,GGGGGAAGAAAAGGUGGGG
miR-4272,CAUUCAACUAGUGAUUGU
miR-4273,GUGUUCUCUGAUGGACAG
miR-4276,CUCAGUGACUCAUGUGC
miR-4275,CCAAUUACCACUUCUUU
miR-4274,CAGCAGUCCCUCCCCCUG
miR-4281,GGGUCCCGGGGAGGGGGG
miR-4277,GCAGUUCUGAGCACAGUACAC
miR-4279,CUCUCCUCCCGGCUUC
miR-4278,CUAGGGGGUUUGCCCUUG
miR-4280,GAGUGUAGUUCUGAGCAGAGC
miR-4282,UAAAAUUUGCAUCCAGGA
miR-4285,GCGGCGAGUCCGACUCAU
miR-4283,UGGGGCUCAGCGAGUUU
miR-4284,GGGCUCACAUCACCCCAU
miR-4286,ACCCCACUCCUGGUACC
miR-4287,UCUCCCUUGAGGGCACUUU
miR-4288,UUGUCUGCUGAGUUUCC
miR-4292,CCCCUGGGCCGGCCUUGG
miR-4289,GCAUUGUGCAGGGCUAUCA
miR-4290,UGCCCUCCUUUCUUCCCUC
miR-4291,UUCAGCAGGAACAGCU
miR-4329,CCUGAGACCCUAGUUCCAC
miR-4330,CCUCAGAUCAGAGCCUUGC
miR-500b-5p,AAUCCUUGCUACCUGGGU
miR-500b-3p,GCACCCAGGCAAGGAUUCUG
miR-4328,CCAGUUUUCCCAGGAUU
miR-3605-5p,UGAGGAUGGAUAGCAAGGAAGCC
miR-3605-3p,CCUCCGUGUUACCUGUCCUCUAG
miR-3606-5p,UUAGUGAAGGCUAUUUUAAUU
miR-3606-3p,AAAAUUUCUUUCACUACUUAG
miR-3609,CAAAGUGAUGAGUAAUACUGGCUG
miR-3610,GAAUCGGAAAGGAGGCGCCG
miR-3611,UUGUGAAGAAAGAAAUUCUUA
miR-3612,AGGAGGCAUCUUGAGAAAUGGA
miR-3613-5p,UGUUGUACUUUUUUUUUUGUUC
miR-3613-3p,ACAAAAAAAAAAGCCCAACCCUUC
miR-3614-5p,CCACUUGGAUCUGAAGGCUGCCC
miR-3614-3p,UAGCCUUCAGAUCUUGGUGUUUU
miR-3615,UCUCUCGGCUCCUCGCGGCUC
miR-3616-5p,AUGAAGUGCACUCAUGAUAUGU
miR-3616-3p,CGAGGGCAUUUCAUGAUGCAGGC
miR-3617-5p,AAAGACAUAGUUGCAAGAUGGG
miR-3617-3p,CAUCAGCACCCUAUGUCCUUUCU
miR-3618,UGUCUACAUUAAUGAAAAGAGC
miR-3619-5p,UCAGCAGGCAGGCUGGUGCAGC
miR-3619-3p,GGGACCAUCCUGCCUGCUGUGG
miR-23c,AUCACAUUGCCAGUGAUUACCC
miR-3620-5p,GUGGGCUGGGCUGGGCUGGGCC
miR-3620-3p,UCACCCUGCAUCCCGCACCCAG
miR-3621,CGCGGGUCGGGGUCUGCAGG
miR-3622a-5p,CAGGCACGGGAGCUCAGGUGAG
miR-3622a-3p,UCACCUGACCUCCCAUGCCUGU
miR-3622b-5p,AGGCAUGGGAGGUCAGGUGA
miR-3622b-3p,UCACCUGAGCUCCCGUGCCUG
miR-3646,AAAAUGAAAUGAGCCCAGCCCA
miR-3648,AGCCGCGGGGAUCGCCGAGGG
miR-3649,AGGGACCUGAGUGUCUAAG
miR-3650,AGGUGUGUCUGUAGAGUCC
miR-3651,CAUAGCCCGGUCGCUGGUACAUGA
miR-3652,CGGCUGGAGGUGUGAGGA
miR-3654,GACUGGACAAGCUGAGGAA
miR-3655,GCUUGUCGCUGCGGUGUUGCU
miR-3657,UGUGUCCCAUUAUUGGUGAUU
miR-3658,UUUAAGAAAACACCAUGGAGAU
miR-3659,UGAGUGUUGUCUACGAGGGCA
miR-3660,ACUGACAGGAGAGCAUUUUGA
miR-3661,UGACCUGGGACUCGGACAGCUG
miR-3662,GAAAAUGAUGAGUAGUGACUGAUG
miR-3663-5p,GCUGGUCUGCGUGGUGCUCGG
miR-3663-3p,UGAGCACCACACAGGCCGGGCGC
miR-3664-5p,AACUCUGUCUUCACUCAUGAGU
miR-3664-3p,UCUCAGGAGUAAAGACAGAGUU
miR-3665,AGCAGGUGCGGGGCGGCG
miR-3666,CAGUGCAAGUGUAGAUGCCGA
miR-3667-5p,AAAGACCCAUUGAGGAGAAGGU
miR-3667-3p,ACCUUCCUCUCCAUGGGUCUUU
miR-3668,AAUGUAGAGAUUGAUCAAAAU
miR-3670,AGAGCUCACAGCUGUCCUUCUCUA
miR-3671,AUCAAAUAAGGACUAGUCUGCA
miR-3672,AUGAGACUCAUGUAAAACAUCUU
miR-3674,AUUGUAGAACCUAAGAUUGGCC
miR-3675-5p,UAUGGGGCUUCUGUAGAGAUUUC
miR-3675-3p,CAUCUCUAAGGAACUCCCCCAA
miR-3677-5p,CAGUGGCCAGAGCCCUGCAGUG
miR-3677-3p,CUCGUGGGCUCUGGCCACGGCC
miR-3678-5p,UCCGUACAAACUCUGCUGUG
miR-3678-3p,CUGCAGAGUUUGUACGGACCGG
miR-3679-5p,UGAGGAUAUGGCAGGGAAGGGGA
miR-3679-3p,CUUCCCCCCAGUAAUCUUCAUC
miR-3680-5p,GACUCACUCACAGGAUUGUGCA
miR-3680-3p,UUUUGCAUGACCCUGGGAGUAGG
miR-3681-5p,UAGUGGAUGAUGCACUCUGUGC
miR-3681-3p,ACACAGUGCUUCAUCCACUACU
miR-3682-5p,CUACUUCUACCUGUGUUAUCAU
miR-3682-3p,UGAUGAUACAGGUGGAGGUAG
miR-3683,UGCGACAUUGGAAGUAGUAUCA
miR-3684,UUAGACCUAGUACACGUCCUU
miR-3685,UUUCCUACCCUACCUGAAGACU
miR-3686,AUCUGUAAGAGAAAGUAAAUGA
miR-3688-5p,AGUGGCAAAGUCUUUCCAUAU
miR-3688-3p,UAUGGAAAGACUUUGCCACUCU
miR-3689a-5p,UGUGAUAUCAUGGUUCCUGGGA
miR-3689a-3p,CUGGGAGGUGUGAUAUCGUGGU
miR-3690,ACCUGGACCCAGCGUAGACAAAG
miR-3691-5p,AGUGGAUGAUGGAGACUCGGUAC
miR-3691-3p,ACCAAGUCUGCGUCAUCCUCUC
miR-3692-5p,CCUGCUGGUCAGGAGUGGAUACUG
miR-3692-3p,GUUCCACACUGACACUGCAGAAGU
miR-3713,GGUAUCCGUUUGGGGAUGGU
miR-3714,GAAGGCAGCAGUGCUCCCCUGU
miR-3180,UGGGGCGGAGCUUCCGGAG
miR-3907,AGGUGCUCCAGGCUGGCUCACA
miR-3689b-5p,UGUGAUAUCAUGGUUCCUGGGA
miR-3689b-3p,CUGGGAGGUGUGAUAUUGUGGU
miR-3908,GAGCAAUGUAGGUAGACUGUUU
miR-3909,UGUCCUCUAGGGCCUGCAGUCU
miR-3910,AAAGGCAUAAAACCAAGACA
miR-3911,UGUGUGGAUCCUGGAGGAGGCA
miR-3912-5p,AUGUCCAUAUUAUGGGUUAGU
miR-3912-3p,UAACGCAUAAUAUGGACAUGU
miR-3913-5p,UUUGGGACUGAUCUUGAUGUCU
miR-3913-3p,AGACAUCAAGAUCAGUCCCAAA
miR-3914,AAGGAACCAGAAAAUGAGAAGU
miR-3915,UUGAGGAAAAGAUGGUCUUAUU
miR-3916,AAGAGGAAGAAAUGGCUGGUUCUCAG
miR-3917,GCUCGGACUGAGCAGGUGGG
miR-3918,ACAGGGCCGCAGAUGGAGACU
miR-3919,GCAGAGAACAAAGGACUCAGU
miR-3150b-5p,CAACCUCGAGGAUCUCCCCAGC
miR-3150b-3p,UGAGGAGAUCGUCGAGGUUGG
miR-3920,ACUGAUUAUCUUAACUCUCUGA
miR-3921,UCUCUGAGUACCAUAUGCCUUGU
miR-3922-5p,UCAAGGCCAGAGGUCCCACAGCA
miR-3922-3p,UCUGGCCUUGACUUGACUCUUU
miR-3923,AACUAGUAAUGUUGGAUUAGGG
miR-3924,AUAUGUAUAUGUGACUGCUACU
miR-3925-5p,AAGAGAACUGAAAGUGGAGCCU
miR-3925-3p,ACUCCAGUUUUAGUUCUCUUG
miR-3926,UGGCCAAAAAGCAGGCAGAGA
miR-3927-5p,GCCUAUCACAUAUCUGCCUGU
miR-3927-3p,CAGGUAGAUAUUUGAUAGGCAU
miR-676-5p,UCUUCAACCUCAGGACUUGCA
miR-676-3p,CUGUCCUAAGGUUGUUGAGUU
miR-3928-5p,UGAAGCUCUAAGGUUCCGCCUGC
miR-3928-3p,GGAGGAACCUUGGAGCUUCGGC
miR-3929,GAGGCUGAUGUGAGUAGACCACU
miR-3934-5p,UCAGGUGUGGAAACUGAGGCAG
miR-3934-3p,UGCUCAGGUUGCACAGCUGGGA
miR-3935,UGUAGAUACGAGCACCAGCCAC
miR-3936,UAAGGGGUGUAUGGCAGAUGCA
miR-3937,ACAGGCGGCUGUAGCAAUGGGGG
miR-3938,AAUUCCCUUGUAGAUAACCCGG
miR-548y,AAAAGUAAUCACUGUUUUUGCC
miR-3939,UACGCGCAGACCACAGGAUGUC
miR-3940-5p,GUGGGUUGGGGCGGGCUCUG
miR-3940-3p,CAGCCCGGAUCCCAGCCCACUU
miR-3941,UUACACACAACUGAGGAUCAUA
miR-3942-5p,AAGCAAUACUGUUACCUGAAAU
miR-3942-3p,UUUCAGAUAACAGUAUUACAU
miR-3943,UAGCCCCCAGGCUUCACUUGGCG
miR-3944-5p,UGUGCAGCAGGCCAACCGAGA
miR-3944-3p,UUCGGGCUGGCCUGCUGCUCCGG
miR-3945,AGGGCAUAGGAGAGGGUUGAUAU
miR-374c-5p,AUAAUACAACCUGCUAAGUGCU
miR-374c-3p,CACUUAGCAGGUUGUAUUAUAU
miR-642b-5p,GGUUCCCUCUCCAAAUGUGUCU
miR-642b-3p,AGACACAUUUGGAGAGGGACCC
miR-550b-2-5p,AUGUGCCUGAGGGAGUAAGACA
miR-550b-3p,UCUUACUCCCUCAGGCACUG
miR-548z,CAAAAACCGCAAUUACUUUUGCA
miR-548aa,AAAAACCACAAUUACUUUUGCACCA
miR-548o-5p,AAAAGUAAUUGCGGUUUUUGCC
miR-1268b,CGGGCGUGGUGGUGGGGGUG
miR-378e,ACUGGACUUGGAGUCAGGA
miR-548ab,AAAAGUAAUUGUGGAUUUUGCU
miR-4418,CACUGCAGGACUCAGCAG
miR-378f,ACUGGACUUGGAGCCAGAAG
miR-4420,GUCACUGAUGUCUGUAGCUGAG
miR-4421,ACCUGUCUGUGGAAAGGAGCUA
miR-4422,AAAAGCAUCAGGAAGUACCCA
miR-4423-5p,AGUUGCCUUUUUGUUCCCAUGC
miR-4423-3p,AUAGGCACCAAAAAGCAACAA
miR-378g,ACUGGGCUUGGAGUCAGAAG
miR-548ac,CAAAAACCGGCAAUUACUUUUG
miR-4424,AGAGUUAACUCAAAAUGGACUA
miR-4425,UGUUGGGAUUCAGCAGGACCAU
miR-4426,GAAGAUGGACGUACUUU
miR-4427,UCUGAAUAGAGUCUGAAGAGU
miR-4428,CAAGGAGACGGGAACAUGGAGC
miR-4429,AAAAGCUGGGCUGAGAGGCG
miR-4430,AGGCUGGAGUGAGCGGAG
miR-548ad-5p,AAAAGUAAUUGUGGUUUUUG
miR-548ad-3p,GAAAACGACAAUGACUUUUGCA
miR-4431,GCGACUCUGAAAACUAGAAGGU
miR-4432,AAAGACUCUGCAAGAUGCCU
miR-4433a-5p,CGUCCCACCCCCCACUCCUGU
miR-4433a-3p,ACAGGAGUGGGGGUGGGACAU
miR-4434,AGGAGAAGUAAAGUAGAA
miR-4435,AUGGCCAGAGCUCACACAGAGG
miR-4436a,GCAGGACAGGCAGAAGUGGAU
miR-4437,UGGGCUCAGGGUACAAAGGUU
miR-548ae-3p,CAAAAACUGCAAUUACUUUCA
miR-548ae-5p,AAAAGUAAUUGUGGUUUUUG
miR-4438,CACAGGCUUAGAAAAGACAGU
miR-4439,GUGACUGAUACCUUGGAGGCAU
miR-4440,UGUCGUGGGGCUUGCUGGCUUG
miR-4441,ACAGGGAGGAGAUUGUA
miR-4442,GCCGGACAAGAGGGAGG
miR-4443,UUGGAGGCGUGGGUUUU
miR-4444,CUCGAGUUGGAAGAGGCG
miR-4445-5p,AGAUUGUUUCUUUUGCCGUGCA
miR-4445-3p,CACGGCAAAAGAAACAAUCCA
miR-4446-5p,AUUUCCCUGCCAUUCCCUUGGC
miR-4446-3p,CAGGGCUGGCAGUGACAUGGGU
miR-4447,GGUGGGGGCUGUUGUUU
miR-4448,GGCUCCUUGGUCUAGGGGUA
miR-4449,CGUCCCGGGGCUGCGCGAGGCA
miR-548ag,AAAGGUAAUUGUGGUUUCUGC
miR-4450,UGGGGAUUUGGAGAAGUGGUGA
miR-548ah-5p,AAAAGUGAUUGCAGUGUUUG
miR-548ah-3p,CAAAAACUGCAGUUACUUUUGC
miR-4451,UGGUAGAGCUGAGGACA
miR-4452,UUGAAUUCUUGGCCUUAAGUGAU
miR-4453,GAGCUUGGUCUGUAGCGGUU
miR-4454,GGAUCCGAGUCACGGCACCA
miR-4455,AGGGUGUGUGUGUUUUU
miR-4456,CCUGGUGGCUUCCUUUU
miR-4457,UCACAAGGUAUUGACUGGCGUA
miR-4458,AGAGGUAGGUGUGGAAGAA
miR-4460,AUAGUGGUUGUGAAUUUACCUU
miR-378h,ACUGGACUUGGUGUCAGAUGG
miR-3135b,GGCUGGAGCGAGUGCAGUGGUG
miR-4462,UGACACGGAGGGUGGCUUGGGAA
miR-4463,GAGACUGGGGUGGGGCC
miR-4464,AAGGUUUGGAUAGAUGCAAUA
miR-548ai,AAAGGUAAUUGCAGUUUUUCCC
miR-548aj-3p,UAAAAACUGCAAUUACUUUUA
miR-548aj-5p,UGCAAAAGUAAUUGCAGUUUUUG
miR-4465,CUCAAGUAGUCUGACCAGGGGA
miR-4466,GGGUGCGGGCCGGCGGGG
miR-4467,UGGCGGCGGUAGUUAUGGGCUU
miR-4468,AGAGCAGAAGGAUGAGAU
miR-4469,GCUCCCUCUAGGGUCGCUCGGA
miR-4470,UGGCAAACGUGGAAGCCGAGA
miR-4471,UGGGAACUUAGUAGAGGUUUAA
miR-4472,GGUGGGGGGUGUUGUUUU
miR-4473,CUAGUGCUCUCCGUUACAAGUA
miR-4474-5p,UUAGUCUCAUGAUCAGACACA
miR-4474-3p,UUGUGGCUGGUCAUGAGGCUAA
miR-4475,CAAGGGACCAAGCAUUCAUUAU
miR-4476,CAGGAAGGAUUUAGGGACAGGC
miR-4477a,CUAUUAAGGACAUUUGUGAUUC
miR-4477b,AUUAAGGACAUUUGUGAUUGAU
miR-4478,GAGGCUGAGCUGAGGAG
miR-3689c,CUGGGAGGUGUGAUAUUGUGGU
miR-3689d,GGGAGGUGUGAUCUCACACUCG
miR-3689e,UGUGAUAUCAUGGUUCCUGGGA
miR-3689f,UGUGAUAUCGUGCUUCCUGGGA
miR-4479,CGCGCGGCCGUGCUCGGAGCAG
miR-3155b,CCAGGCUCUGCAGUGGGA
miR-548ak,AAAAGUAACUGCGGUUUUUGA
miR-4480,AGCCAAGUGGAAGUUACUUUA
miR-4481,GGAGUGGGCUGGUGGUU
miR-4482-5p,AACCCAGUGGGCUAUGGAAAUG
miR-4482-3p,UUUCUAUUUCUCAGUGGGGCUC
miR-4483,GGGGUGGUCUGUUGUUG
miR-4484,AAAAGGCGGGAGAAGCCCCA
miR-4485-5p,ACCGCCUGCCCAGUGA
miR-4485-3p,UAACGGCCGCGGUACCCUAA
miR-4486,GCUGGGCGAGGCUGGCA
miR-4487,AGAGCUGGCUGAAGGGCAG
miR-4488,AGGGGGCGGGCUCCGGCG
miR-4489,UGGGGCUAGUGAUGCAGGACG
miR-548al,AACGGCAAUGACUUUUGUACCA
miR-4490,UCUGGUAAGAGAUUUGGGCAUA
miR-4491,AAUGUGGACUGGUGUGACCAAA
miR-4492,GGGGCUGGGCGCGCGCC
miR-4493,AGAAGGCCUUUCCAUCUCUGU
miR-4494,CCAGACUGUGGCUGACCAGAGG
miR-4495,AAUGUAAACAGGCUUUUUGCU
miR-4496,GAGGAAACUGAAGCUGAGAGGG
miR-4497,CUCCGGGACGGCUGGGC
miR-4498,UGGGCUGGCAGGGCAAGUGCUG
miR-4499,AAGACUGAGAGGAGGGA
miR-4500,UGAGGUAGUAGUUUCUU
miR-4501,UAUGUGACCUCGGAUGAAUCA
miR-4502,GCUGAUGAUGAUGGUGCUGAAG
miR-4503,UUUAAGCAGGAAAUAGAAUUUA
miR-4504,UGUGACAAUAGAGAUGAACAUG
miR-4505,AGGCUGGGCUGGGACGGA
miR-4506,AAAUGGGUGGUCUGAGGCAA
miR-2392,UAGGAUGGGGGUGAGAGGUG
miR-4507,CUGGGUUGGGCUGGGCUGGG
miR-4508,GCGGGGCUGGGCGCGCG
miR-4509,ACUAAAGGAUAUAGAAGGUUUU
miR-4510,UGAGGGAGUAGGAUGUAUGGUU
miR-4511,GAAGAACUGUUGCAUUUGCCCU
miR-4512,CAGGGCCUCACUGUAUCGCCCA
miR-4513,AGACUGACGGCUGGAGGCCCAU
miR-4514,ACAGGCAGGAUUGGGGAA
miR-4515,AGGACUGGACUCCCGGCAGCCC
miR-4516,GGGAGAAGGGUCGGGGC
miR-4517,AAAUAUGAUGAAACUCACAGCUGAG
miR-4518,GCUCAGGGAUGAUAACUGUGCUGAGA
miR-4519,CAGCAGUGCGCAGGGCUG
miR-4520-5p,CCUGCGUGUUUUCUGUCCAA
miR-4520-3p,UUGGACAGAAAACACGCAGGAA
miR-4521,GCUAAGGAAGUCCUGUGCUCAG
miR-1269b,CUGGACUGAGCCAUGCUACUGG
miR-4522,UGACUCUGCCUGUAGGCCGGU
miR-4523,GACCGAGAGGGCCUCGGCUGU
miR-4524a-5p,AUAGCAGCAUGAACCUGUCUCA
miR-4524a-3p,UGAGACAGGCUUAUGCUGCUAU
miR-4525,GGGGGGAUGUGCAUGCUGGUU
miR-4526,GCUGACAGCAGGGCUGGCCGCU
miR-4527,UGGUCUGCAAAGAGAUGACUGU
miR-4528,UCAUUAUAUGUAUGAUCUGGAC
miR-4529-5p,AGGCCAUCAGCAGUCCAAUGAA
miR-4529-3p,AUUGGACUGCUGAUGGCCCGU
miR-4530,CCCAGCAGGACGGGAGCG
miR-4531,AUGGAGAAGGCUUCUGA
miR-4533,UGGAAGGAGGUUGCCGGACGCU
miR-4534,GGAUGGAGGAGGGGUCU
miR-378i,ACUGGACUAGGAGUCAGAAGG
miR-4535,GUGGACCUGGCUGGGAC
miR-548am-5p,AAAAGUAAUUGCGGUUUUUGCC
miR-548am-3p,CAAAAACUGCAGUUACUUUUGU
miR-1587,UUGGGCUGGGCUGGGUUGGG
miR-4536-5p,UGUGGUAGAUAUAUGCACGAU
miR-4536-3p,UCGUGCAUAUAUCUACCACAU
miR-548an,AAAAGGCAUUGUGGUUUUUG
miR-4537,UGAGCCGAGCUGAGCUUAGCUG
miR-4538,GAGCUUGGAUGAGCUGGGCUGA
miR-4539,GCUGAACUGGGCUGAGCUGGGC
miR-4540,UUAGUCCUGCCUGUAGGUUUA
miR-3960,GGCGGCGGCGGAGGCGGGGG
miR-3972,CUGCCAGCCCCGUUCCAGGGCA
miR-3973,ACAAAGUACAGCAUUAGCCUUAG
miR-3974,AAAGGUCAUUGUAAGGUUAAUGC
miR-3975,UGAGGCUAAUGCACUACUUCAC
miR-3976,UAUAGAGAGCAGGAAGAUUAAUGU
miR-3977,GUGCUUCAUCGUAAUUAACCUUA
miR-3978,GUGGAAAGCAUGCAUCCAGGGUGU
miR-4632-5p,GAGGGCAGCGUGGGUGUGGCGGA
miR-4632-3p,UGCCGCCCUCUCGCUGCUCUAG
miR-4633-5p,AUAUGCCUGGCUAGCUCCUC
miR-4633-3p,AGGAGCUAGCCAGGCAUAUGCA
miR-4634,CGGCGCGACCGGCCCGGGG
miR-4635,UCUUGAAGUCAGAACCCGCAA
miR-4636,AACUCGUGUUCAAAGCCUUUAG
miR-4637,UACUAACUGCAGAUUCAAGUGA
miR-4638-5p,ACUCGGCUGCGGUGGACAAGU
miR-4638-3p,CCUGGACACCGCUCAGCCGGCCG
miR-4639-5p,UUGCUAAGUAGGCUGAGAUUGA
miR-4639-3p,UCACUCUCACCUUGCUUUGC
miR-4640-5p,UGGGCCAGGGAGCAGCUGGUGGG
miR-4640-3p,CACCCCCUGUUUCCUGGCCCAC
miR-4641,UGCCCAUGCCAUACUUUUGCCUCA
miR-4642,AUGGCAUCGUCCCCUGGUGGCU
miR-4643,GACACAUGACCAUAAAUGCUAA
miR-4644,UGGAGAGAGAAAAGAGACAGAAG
miR-4645-5p,ACCAGGCAAGAAAUAUUGU
miR-4645-3p,AGACAGUAGUUCUUGCCUGGUU
miR-4646-5p,ACUGGGAAGAGGAGCUGAGGGA
miR-4646-3p,AUUGUCCCUCUCCCUUCCCAG
miR-4647,GAAGAUGGUGCUGUGCUGAGGAA
miR-4648,UGUGGGACUGCAAAUGGGAG
miR-4649-5p,UGGGCGAGGGGUGGGCUCUCAGAG
miR-4649-3p,UCUGAGGCCUGCCUCUCCCCA
miR-4650-5p,UCAGGCCUCUUUCUACCUU
miR-4650-3p,AGGUAGAAUGAGGCCUGACAU
miR-4651,CGGGGUGGGUGAGGUCGGGC
miR-4652-5p,AGGGGACUGGUUAAUAGAACUA
miR-4652-3p,GUUCUGUUAACCCAUCCCCUCA
miR-4653-5p,UCUCUGAGCAAGGCUUAACACC
miR-4653-3p,UGGAGUUAAGGGUUGCUUGGAGA
miR-4654,UGUGGGAUCUGGAGGCAUCUGG
miR-4655-5p,CACCGGGGAUGGCAGAGGGUCG
miR-4655-3p,ACCCUCGUCAGGUCCCCGGGG
miR-4656,UGGGCUGAGGGCAGGAGGCCUGU
miR-4657,AAUGUGGAAGUGGUCUGAGGCAU
miR-4658,GUGAGUGUGGAUCCUGGAGGAAU
miR-4659a-5p,CUGCCAUGUCUAAGAAGAAAAC
miR-4659a-3p,UUUCUUCUUAGACAUGGCAACG
miR-4660,UGCAGCUCUGGUGGAAAAUGGAG
miR-4661-5p,AACUAGCUCUGUGGAUCCUGAC
miR-4661-3p,CAGGAUCCACAGAGCUAGUCCA
miR-4662a-5p,UUAGCCAAUUGUCCAUCUUUAG
miR-4662a-3p,AAAGAUAGACAAUUGGCUAAAU
miR-4659b-5p,UUGCCAUGUCUAAGAAGAA
miR-4659b-3p,UUUCUUCUUAGACAUGGCAGCU
miR-4663,AGCUGAGCUCCAUGGACGUGCAGU
miR-4662b,AAAGAUGGACAAUUGGCUAAAU
miR-4664-5p,UGGGGUGCCCACUCCGCAAGUU
miR-4664-3p,CUUCCGGUCUGUGAGCCCCGUC
miR-4665-5p,CUGGGGGACGCGUGAGCGCGAGC
miR-4665-3p,CUCGGCCGCGGCGCGUAGCCCCCGCC
miR-4666a-5p,AUACAUGUCAGAUUGUAUGCC
miR-4666a-3p,CAUACAAUCUGACAUGUAUUU
miR-4667-5p,ACUGGGGAGCAGAAGGAGAACC
miR-4667-3p,UCCCUCCUUCUGUCCCCACAG
miR-4668-5p,AGGGAAAAAAAAAAGGAUUUGUC
miR-4668-3p,GAAAAUCCUUUUUGUUUUUCCAG
miR-219b-5p,AGAUGUCCAGCCACAAUUCUCG
miR-219b-3p,AGAAUUGCGUUUGGACAAUCAGU
miR-4669,UGUGUCCGGGAAGUGGAGGAGG
miR-4670-5p,AAGCGACCAUGAUGUAACUUCA
miR-4670-3p,UGAAGUUACAUCAUGGUCGCUU
miR-4671-5p,ACCGAAGACUGUGCGCUAAUCU
miR-4671-3p,UUAGUGCAUAGUCUUUGGUCU
miR-4672,UUACACAGCUGGACAGAGGCA
miR-4673,UCCAGGCAGGAGCCGGACUGGA
miR-4674,CUGGGCUCGGGACGCGCGGCU
miR-4675,GGGGCUGUGAUUGACCAGCAGG
miR-4676-5p,GAGCCAGUGGUGAGACAGUGA
miR-4676-3p,CACUGUUUCACCACUGGCUCUU
miR-4677-5p,UUGUUCUUUGGUCUUUCAGCCA
miR-4677-3p,UCUGUGAGACCAAAGAACUACU
miR-4678,AAGGUAUUGUUCAGACUUAUGA
miR-4679,UCUGUGAUAGAGAUUCUUUGCU
miR-4680-5p,AGAACUCUUGCAGUCUUAGAUGU
miR-4680-3p,UCUGAAUUGUAAGAGUUGUUA
miR-4681,AACGGGAAUGCAGGCUGUAUCU
miR-4682,UCUGAGUUCCUGGAGCCUGGUCU
miR-4683,UGGAGAUCCAGUGCUCGCCCGAU
miR-4684-5p,CUCUCUACUGACUUGCAACAUA
miR-4684-3p,UGUUGCAAGUCGGUGGAGACGU
miR-4685-5p,CCCAGGGCUUGGAGUGGGGCAAGGUU
miR-4685-3p,UCUCCCUUCCUGCCCUGGCUAG
miR-4686,UAUCUGCUGGGCUUUCUGGUGUU
miR-4687-5p,CAGCCCUCCUCCCGCACCCAAA
miR-4687-3p,UGGCUGUUGGAGGGGGCAGGC
miR-1343-5p,UGGGGAGCGGCCCCCGGGUGGG
miR-1343-3p,CUCCUGGGGCCCGCACUCUCGC
miR-4688,UAGGGGCAGCAGAGGACCUGGG
miR-4689,UUGAGGAGACAUGGUGGGGGCC
miR-4690-5p,GAGCAGGCGAGGCUGGGCUGAA
miR-4690-3p,GCAGCCCAGCUGAGGCCUCUG
miR-4691-5p,GUCCUCCAGGCCAUGAGCUGCGG
miR-4691-3p,CCAGCCACGGACUGAGAGUGCAU
miR-4692,UCAGGCAGUGUGGGUAUCAGAU
miR-4693-5p,AUACUGUGAAUUUCACUGUCACA
miR-4693-3p,UGAGAGUGGAAUUCACAGUAUUU
miR-4694-5p,AGGUGUUAUCCUAUCCAUUUGC
miR-4694-3p,CAAAUGGACAGGAUAACACCU
miR-4695-5p,CAGGAGGCAGUGGGCGAGCAGG
miR-4695-3p,UGAUCUCACCGCUGCCUCCUUC
miR-4696,UGCAAGACGGAUACUGUCAUCU
miR-4697-5p,AGGGGGCGCAGUCACUGACGUG
miR-4697-3p,UGUCAGUGACUCCUGCCCCUUGGU
miR-4698,UCAAAAUGUAGAGGAAGACCCCA
miR-4699-5p,AGAAGAUUGCAGAGUAAGUUCC
miR-4699-3p,AAUUUACUCUGCAAUCUUCUCC
miR-4700-5p,UCUGGGGAUGAGGACAGUGUGU
miR-4700-3p,CACAGGACUGACUCCUCACCCCAGUG
miR-4701-5p,UUGGCCACCACACCUACCCCUU
miR-4701-3p,AUGGGUGAUGGGUGUGGUGU
miR-4703-5p,UAGCAAUACAGUACAAAUAUAGU
miR-4703-3p,UGUAGUUGUAUUGUAUUGCCAC
miR-4704-5p,GACACUAGGCAUGUGAGUGAUU
miR-4704-3p,UCAGUCACAUAUCUAGUGUCUA
miR-4705,UCAAUCACUUGGUAAUUGCUGU
miR-4706,AGCGGGGAGGAAGUGGGCGCUGCUU
miR-4707-5p,GCCCCGGCGCGGGCGGGUUCUGG
miR-4707-3p,AGCCCGCCCCAGCCGAGGUUCU
miR-4708-5p,AGAGAUGCCGCCUUGCUCCUU
miR-4708-3p,AGCAAGGCGGCAUCUCUCUGAU
miR-4709-5p,ACAACAGUGACUUGCUCUCCAA
miR-4709-3p,UUGAAGAGGAGGUGCUCUGUAGC
miR-203b-5p,UAGUGGUCCUAAACAUUUCACA
miR-203b-3p,UUGAACUGUUAAGAACCACUGGA
miR-4710,GGGUGAGGGCAGGUGGUU
miR-4711-5p,UGCAUCAGGCCAGAAGACAUGAG
miR-4711-3p,CGUGUCUUCUGGCUUGAU
miR-4712-5p,UCCAGUACAGGUCUCUCAUUUC
miR-4712-3p,AAUGAGAGACCUGUACUGUAU
miR-4713-5p,UUCUCCCACUACCAGGCUCCCA
miR-4713-3p,UGGGAUCCAGACAGUGGGAGAA
miR-4714-5p,AACUCUGACCCCUUAGGUUGAU
miR-4714-3p,CCAACCUAGGUGGUCAGAGUUG
miR-4715-5p,AAGUUGGCUGCAGUUAAGGUGG
miR-4715-3p,GUGCCACCUUAACUGCAGCCAAU
miR-4716-5p,UCCAUGUUUCCUUCCCCCUUCU
miR-4716-3p,AAGGGGGAAGGAAACAUGGAGA
miR-3529-5p,AGGUAGACUGGGAUUUGUUGUU
miR-3529-3p,AACAACAAAAUCACUAGUCUUCCA
miR-4717-5p,UAGGCCACAGCCACCCAUGUGU
miR-4717-3p,ACACAUGGGUGGCUGUGGCCU
miR-4718,AGCUGUACCUGAAACCAAGCA
miR-4719,UCACAAAUCUAUAAUAUGCAGG
miR-4720-5p,CCUGGCAUAUUUGGUAUAACUU
miR-4720-3p,UGCUUAAGUUGUACCAAGUAU
miR-4721,UGAGGGCUCCAGGUGACGGUGG
miR-4722-5p,GGCAGGAGGGCUGUGCCAGGUUG
miR-4722-3p,ACCUGCCAGCACCUCCCUGCAG
miR-4520-2-3p,UUUGGACAGAAAACACGCAGGU
miR-4723-5p,UGGGGGAGCCAUGAGAUAAGAGCA
miR-4723-3p,CCCUCUCUGGCUCCUCCCCAAA
miR-451b,UAGCAAGAGAACCAUUACCAUU
miR-4724-5p,AACUGAACCAGGAGUGAGCUUCG
miR-4724-3p,GUACCUUCUGGUUCAGCUAGU
miR-4725-5p,AGACCCUGCAGCCUUCCCACC
miR-4725-3p,UGGGGAAGGCGUCAGUGUCGGG
miR-4726-5p,AGGGCCAGAGGAGCCUGGAGUGG
miR-4726-3p,ACCCAGGUUCCCUCUGGCCGCA
miR-4727-5p,AUCUGCCAGCUUCCACAGUGG
miR-4727-3p,AUAGUGGGAAGCUGGCAGAUUC
miR-4728-5p,UGGGAGGGGAGAGGCAGCAAGCA
miR-4728-3p,CAUGCUGACCUCCCUCCUGCCCCAG
miR-4729,UCAUUUAUCUGUUGGGAAGCUA
miR-4730,CUGGCGGAGCCCAUUCCAUGCCA
miR-4731-5p,UGCUGGGGGCCACAUGAGUGUG
miR-4731-3p,CACACAAGUGGCCCCCAACACU
miR-4732-5p,UGUAGAGCAGGGAGCAGGAAGCU
miR-4732-3p,GCCCUGACCUGUCCUGUUCUG
miR-4733-5p,AAUCCCAAUGCUAGACCCGGUG
miR-4733-3p,CCACCAGGUCUAGCAUUGGGAU
miR-4734,GCUGCGGGCUGCGGUCAGGGCG
miR-4735-5p,CCUAAUUUGAACACCUUCGGUA
miR-4735-3p,AAAGGUGCUCAAAUUAGACAU
miR-4736,AGGCAGGUUAUCUGGGCUG
miR-4737,AUGCGAGGAUGCUGACAGUG
miR-3064-5p,UCUGGCUGUUGUGGUGUGCAA
miR-3064-3p,UUGCCACACUGCAACACCUUACA
miR-4738-5p,ACCAGCGCGUUUUCAGUUUCAU
miR-4738-3p,UGAAACUGGAGCGCCUGGAGGA
miR-4739,AAGGGAGGAGGAGCGGAGGGGCCCU
miR-4740-5p,AGGACUGAUCCUCUCGGGCAGG
miR-4740-3p,GCCCGAGAGGAUCCGUCCCUGC
miR-4741,CGGGCUGUCCGGAGGGGUCGGCU
miR-4742-5p,UCAGGCAAAGGGAUAUUUACAGA
miR-4742-3p,UCUGUAUUCUCCUUUGCCUGCAG
miR-4743-5p,UGGCCGGAUGGGACAGGAGGCAU
miR-4743-3p,UUUCUGUCUUUUCUGGUCCAG
miR-4744,UCUAAAGACUAGACUUCGCUAUG
miR-122b-5p,UUUAGUGUGAUAAUGGCGUUUGA
miR-122b-3p,AAACACCAUUGUCACACUCCAC
miR-4745-5p,UGAGUGGGGCUCCCGGGACGGCG
miR-4745-3p,UGGCCCGGCGACGUCUCACGGUC
miR-4746-5p,CCGGUCCCAGGAGAACCUGCAGA
miR-4746-3p,AGCGGUGCUCCUGCGGGCCGA
miR-4747-5p,AGGGAAGGAGGCUUGGUCUUAG
miR-4747-3p,AAGGCCCGGGCUUUCCUCCCAG
miR-4748,GAGGUUUGGGGAGGAUUUGCU
miR-4749-5p,UGCGGGGACAGGCCAGGGCAUC
miR-4749-3p,CGCCCCUCCUGCCCCCACAG
miR-4750-5p,CUCGGGCGGAGGUGGUUGAGUG
miR-4750-3p,CCUGACCCACCCCCUCCCGCAG
miR-4751,AGAGGACCCGUAGCUGCUAGAAGG
miR-4752,UUGUGGAUCUCAAGGAUGUGCU
miR-4753-5p,CAAGGCCAAAGGAAGAGAACAG
miR-4753-3p,UUCUCUUUCUUUAGCCUUGUGU
miR-371b-5p,ACUCAAAAGAUGGCGGCACUUU
miR-371b-3p,AAGUGCCCCCACAGUUUGAGUGC
miR-4754,AUGCGGACCUGGGUUAGCGGAGU
miR-4755-5p,UUUCCCUUCAGAGCCUGGCUUU
miR-4755-3p,AGCCAGGCUCUGAAGGGAAAGU
miR-499b-5p,ACAGACUUGCUGUGAUGUUCA
miR-499b-3p,AACAUCACUGCAAGUCUUAACA
miR-4756-5p,CAGGGAGGCGCUCACUCUCUGCU
miR-4756-3p,CCAGAGAUGGUUGCCUUCCUAU
miR-4757-5p,AGGCCUCUGUGACGUCACGGUGU
miR-4757-3p,CAUGACGUCACAGAGGCUUCGC
miR-4758-5p,GUGAGUGGGAGCCGGUGGGGCUG
miR-4758-3p,UGCCCCACCUGCUGACCACCCUC
miR-4759,UAGGACUAGAUGUUGGAAUUA
miR-4760-5p,UUUAGAUUGAACAUGAAGUUAG
miR-4760-3p,AAAUUCAUGUUCAAUCUAAACC
miR-4761-5p,ACAAGGUGUGCAUGCCUGACC
miR-4761-3p,GAGGGCAUGCGCACUUUGUCC
miR-4762-5p,CCAAAUCUUGAUCAGAAGCCU
miR-4762-3p,CUUCUGAUCAAGAUUUGUGGUG
miR-4763-5p,CGCCUGCCCAGCCCUCCUGCU
miR-4763-3p,AGGCAGGGGCUGGUGCUGGGCGGG
miR-4764-5p,UGGAUGUGGAAGGAGUUAUCU
miR-4764-3p,UUAACUCCUUUCACACCCAUGG
miR-4765,UGAGUGAUUGAUAGCUAUGUUC
miR-4766-5p,UCUGAAAGAGCAGUUGGUGUU
miR-4766-3p,AUAGCAAUUGCUCUUUUGGAA
miR-4767,CGCGGGCGCUCCUGGCCGCCGCC
miR-4768-5p,AUUCUCUCUGGAUCCCAUGGAU
miR-4768-3p,CCAGGAGAUCCAGAGAGAAU
miR-4769-5p,GGUGGGAUGGAGAGAAGGUAUGAG
miR-4769-3p,UCUGCCAUCCUCCCUCCCCUAC
miR-4770,UGAGAUGACACUGUAGCU
miR-4771,AGCAGACUUGACCUACAAUUA
miR-4772-5p,UGAUCAGGCAAAAUUGCAGACU
miR-4772-3p,CCUGCAACUUUGCCUGAUCAGA
miR-4773,CAGAACAGGAGCAUAGAAAGGC
miR-4774-5p,UCUGGUAUGUAGUAGGUAAUAA
miR-4774-3p,AUUGCCUAACAUGUGCCAGAA
miR-4775,UUAAUUUUUUGUUUCGGUCACU
miR-4776-5p,GUGGACCAGGAUGGCAAGGGCU
miR-4776-3p,CUUGCCAUCCUGGUCCACUGCAU
miR-4777-5p,UUCUAGAUGAGAGAUAUAUAUA
miR-4777-3p,AUACCUCAUCUAGAAUGCUGUA
miR-4778-5p,AAUUCUGUAAAGGAAGAAGAGG
miR-4778-3p,UCUUCUUCCUUUGCAGAGUUGA
miR-4779,UAGGAGGGAAUAGUAAAAGCAG
miR-4780,ACCCUUGAGCCUGAUCCCUAGC
miR-4436b-5p,GUCCACUUCUGCCUGCCCUGCC
miR-4436b-3p,CAGGGCAGGAAGAAGUGGACAA
miR-4781-5p,UAGCGGGGAUUCCAAUAUUGG
miR-4781-3p,AAUGUUGGAAUCCUCGCUAGAG
miR-4782-5p,UUCUGGAUAUGAAGACAAUCAA
miR-4782-3p,UGAUUGUCUUCAUAUCUAGAAC
miR-4783-5p,GGCGCGCCCAGCUCCCGGGCU
miR-4783-3p,CCCCGGUGUUGGGGCGCGUCUGC
miR-4784,UGAGGAGAUGCUGGGACUGA
miR-4785,AGAGUCGGCGACGCCGCCAGC
miR-1245b-5p,UAGGCCUUUAGAUCACUUAAA
miR-1245b-3p,UCAGAUGAUCUAAAGGCCUAUA
miR-2467-5p,UGAGGCUCUGUUAGCCUUGGCUC
miR-2467-3p,AGCAGAGGCAGAGAGGCUCAGG
miR-4786-5p,UGAGACCAGGACUGGAUGCACC
miR-4786-3p,UGAAGCCAGCUCUGGUCUGGGC
miR-4787-5p,GCGGGGGUGGCGGCGGCAUCCC
miR-4787-3p,GAUGCGCCGCCCACUGCCCCGCGC
miR-4788,UUACGGACCAGCUAAGGGAGGC
miR-4789-5p,GUAUACACCUGAUAUGUGUAUG
miR-4789-3p,CACACAUAGCAGGUGUAUAUA
miR-4790-5p,AUCGCUUUACCAUUCAUGUU
miR-4790-3p,UGAAUGGUAAAGCGAUGUCACA
miR-4791,UGGAUAUGAUGACUGAAA
miR-4793-5p,ACAUCCUGCUCCACAGGGCAGAGG
miR-4793-3p,UCUGCACUGUGAGUUGGCUGGCU
miR-4794,UCUGGCUAUCUCACGAGACUGU
miR-4795-5p,AGAAGUGGCUAAUAAUAUUGA
miR-4795-3p,AUAUUAUUAGCCACUUCUGGAU
miR-4796-5p,UGUCUAUACUCUGUCACUUUAC
miR-4796-3p,UAAAGUGGCAGAGUAUAGACAC
miR-4797-5p,GACAGAGUGCCACUUACUGAA
miR-4797-3p,UCUCAGUAAGUGGCACUCUGU
miR-4798-5p,UUCGGUAUACUUUGUGAAUUGG
miR-4798-3p,AACUCACGAAGUAUACCGAAGU
miR-4799-5p,AUCUAAAUGCAGCAUGCCAGUC
miR-4799-3p,ACUGGCAUGCUGCAUUUAUAUA
miR-4800-5p,AGUGGACCGAGGAAGGAAGGA
miR-4800-3p,CAUCCGUCCGUCUGUCCAC
miR-4801,UACACAAGAAAACCAAGGCUCA
miR-4802-5p,UAUGGAGGUUCUAGACCAUGUU
miR-4802-3p,UACAUGGAUGGAAACCUUCAAGC
miR-4803,UAACAUAAUAGUGUGGAUUGA
miR-4804-5p,UUGGACGGUAAGGUUAAGCAA
miR-4804-3p,UGCUUAACCUUGCCCUCGAAA
miR-4999-5p,UGCUGUAUUGUCAGGUAGUGA
miR-4999-3p,UCACUACCUGACAAUACAGU
miR-5000-5p,CAGUUCAGAAGUGUUCCUGAGU
miR-5000-3p,UCAGGACACUUCUGAACUUGGA
miR-5001-5p,AGGGCUGGACUCAGCGGCGGAGCU
miR-5001-3p,UUCUGCCUCUGUCCAGGUCCUU
miR-5002-5p,AAUUUGGUUUCUGAGGCACUUAGU
miR-5002-3p,UGACUGCCUCACUGACCACUU
miR-5003-5p,UCACAACAACCUUGCAGGGUAGA
miR-5003-3p,UACUUUUCUAGGUUGUUGGGG
miR-5004-5p,UGAGGACAGGGCAAAUUCACGA
miR-5004-3p,CUUGGAUUUUCCUGGGCCUCAG
miR-548ao-5p,AGAAGUAACUACGGUUUUUGCA
miR-548ao-3p,AAAGACCGUGACUACUUUUGCA
miR-5006-5p,UUGCCAGGGCAGGAGGUGGAA
miR-5006-3p,UUUCCCUUUCCAUCCUGGCAG
miR-5007-5p,UAGAGUCUGGCUGAUAUGGUUU
miR-5007-3p,AUCAUAUGAACCAAACUCUAAU
miR-548ap-5p,AAAAGUAAUUGCGGUCUUU
miR-548ap-3p,AAAAACCACAAUUACUUUU
miR-5008-5p,UGAGGCCCUUGGGGCACAGUGG
miR-5008-3p,CCUGUGCUCCCAGGGCCUCGC
miR-5009-5p,UUGGACUUUUUCAGAUUUGGGGAU
miR-5009-3p,UCCUAAAUCUGAAAGUCCAAAA
miR-5010-5p,AGGGGGAUGGCAGAGCAAAAUU
miR-5010-3p,UUUUGUGUCUCCCAUUCCCCAG
miR-5011-5p,UAUAUAUACAGCCAUGCACUC
miR-5011-3p,GUGCAUGGCUGUAUAUAUAACA
miR-5047,UUGCAGCUGCGGUUGUAAGGU
miR-5087,GGGUUUGUAGCUUUGCUGGCAUG
miR-5088-5p,CAGGGCUCAGGGAUUGGAUGGAGG
miR-5088-3p,UCCCUUCUUCCUGGGCCCUCA
miR-5089-5p,GUGGGAUUUCUGAGUAGCAUC
miR-5089-3p,AUGCUACUCGGAAAUCCCACUGA
miR-5090,CCGGGGCAGAUUGGUGUAGGGUG
miR-5091,ACGGAGACGACAAGACUGUGCUG
miR-5092,AAUCCACGCUGAGCUUGGCAUC
miR-5093,AGGAAAUGAGGCUGGCUAGGAGC
miR-5094,AAUCAGUGAAUGCCUUGAACCU
miR-5186,AGAGAUUGGUAGAAAUCAGGU
miR-5187-5p,UGGGAUGAGGGAUUGAAGUGGA
miR-5187-3p,ACUGAAUCCUCUUUUCCUCAG
miR-5188,AAUCGGACCCAUUUAAACCGGAG
miR-5189-5p,UCUGGGCACAGGCGGAUGGACAGG
miR-5189-3p,UGCCAACCGUCAGAGCCCAGA
miR-5190,CCAGUGACUGAGCUGGAGCCA
miR-5191,AGGAUAGGAAGAAUGAAGUGCU
miR-5192,AGGAGAGUGGAUUCCAGGUGGU
miR-5193,UCCUCCUCUACCUCAUCCCAGU
miR-5194,UGAGGGGUUUGGAAUGGGAUGG
miR-5195-5p,AACCCCUAAGGCAACUGGAUGG
miR-5195-3p,AUCCAGUUCUCUGAGGGGGCU
miR-5196-5p,AGGGAAGGGGACGAGGGUUGGG
miR-5196-3p,UCAUCCUCGUCUCCCUCCCAG
miR-5197-5p,CAAUGGCACAAACUCAUUCUUGA
miR-5197-3p,AAGAAGAGACUGAGUCAUCGAAU
miR-4524b-5p,AUAGCAGCAUAAGCCUGUCUC
miR-4524b-3p,GAGACAGGUUCAUGCUGCUA
miR-5571-5p,CAAUUCUCAAAGGAGCCUCCC
miR-5571-3p,GUCCUAGGAGGCUCCUCUG
miR-5100,UUCAGAUCCCAGCGGUGCCUCU
miR-5572,GUUGGGGUGCAGGGGUCUGCU
miR-548aq-5p,GAAAGUAAUUGCUGUUUUUGCC
miR-548aq-3p,CAAAAACUGCAAUUACUUUUGC
miR-548ar-5p,AAAAGUAAUUGCAGUUUUUGC
miR-548ar-3p,UAAAACUGCAGUUAUUUUUGC
miR-548as-5p,AAAAGUAAUUGCGGGUUUUGCC
miR-548as-3p,UAAAACCCACAAUUAUGUUUGU
miR-5579-5p,UAUGGUACUCCUUAAGCUAAC
miR-5579-3p,UUAGCUUAAGGAGUACCAGAUC
miR-664b-5p,UGGGCUAAGGGAGAUGAUUGGGUA
miR-664b-3p,UUCAUUUGCCUCCCAGCCUACA
miR-5580-5p,UGCUGGCUCAUUUCAUAUGUGU
miR-5580-3p,CACAUAUGAAGUGAGCCAGCAC
miR-5581-5p,AGCCUUCCAGGAGAAAUGGAGA
miR-5581-3p,UUCCAUGCCUCCUAGAAGUUCC
miR-548at-5p,AAAAGUUAUUGCGGUUUUGGCU
miR-548at-3p,CAAAACCGCAGUAACUUUUGU
miR-5582-5p,UAGGCACACUUAAAGUUAUAGC
miR-5582-3p,UAAAACUUUAAGUGUGCCUAGG
miR-5583-5p,AAACUAAUAUACCCAUAUUCUG
miR-5583-3p,GAAUAUGGGUAUAUUAGUUUGG
miR-5584-5p,CAGGGAAAUGGGAAGAACUAGA
miR-5584-3p,UAGUUCUUCCCUUUGCCCAAUU
miR-5585-5p,UGAAGUACCAGCUACUCGAGAG
miR-5585-3p,CUGAAUAGCUGGGACUACAGGU
miR-5586-5p,UAUCCAGCUUGUUACUAUAUGC
miR-5586-3p,CAGAGUGACAAGCUGGUUAAAG
miR-5587-5p,AUGGUCACCUCCGGGACU
miR-5587-3p,GCCCCGGGCAGUGUGAUCAUC
miR-548au-5p,AAAAGUAAUUGCGGUUUUUGC
miR-548au-3p,UGGCAGUUACUUUUGCACCAG
miR-1295b-5p,CACCCAGAUCUGCGGCCUAAU
miR-1295b-3p,AAUAGGCCACGGAUCUGGGCAA
miR-5588-5p,ACUGGCAUUAGUGGGACUUUU
miR-5588-3p,AAGUCCCACUAAUGCCAGC
miR-5589-5p,GGCUGGGUGCUCUUGUGCAGU
miR-5589-3p,UGCACAUGGCAACCUAGCUCCCA
miR-5590-5p,UUGCCAUACAUAGACUUUAUU
miR-5590-3p,AAUAAAGUUCAUGUAUGGCAA
miR-5591-5p,UGGGAGCUAAGCUAUGGGUAU
miR-5591-3p,AUACCCAUAGCUUAGCUCCCA
miR-548av-5p,AAAAGUACUUGCGGAUUU
miR-548av-3p,AAAACUGCAGUUACUUUUGC
miR-5680,GAGAAAUGCUGGACUAAUCUGC
miR-5681a,AGAAAGGGUGGCAAUACCUCUU
miR-5682,GUAGCACCUUGCAGGAUAAGGU
miR-548aw,GUGCAAAAGUCAUCACGGUU
miR-5683,UACAGAUGCAGAUUCUCUGACUUC
miR-5684,AACUCUAGCCUGAGCAACAG
miR-548ax,AGAAGUAAUUGCGGUUUUGCCA
miR-5685,ACAGCCCAGCAGUUAUCACGGG
miR-5692c,AAUAAUAUCACAGUAGGUGUAC
miR-5687,UUAGAACGUUUUAGGGUCAAAU
miR-5688,UAACAAACACCUGUAAAACAGC
miR-5681b,AGGUAUUGCCACCCUUUCUAGU
miR-5689,AGCAUACACCUGUAGUCCUAGA
miR-5690,UCAGCUACUACCUCUAUUAGG
miR-5691,UUGCUCUGAGCUCCGAGAAAGC
miR-5692a,CAAAUAAUACCACAGUGGGUGU
miR-4666b,UUGCAUGUCAGAUUGUAAUUCCC
miR-5693,GCAGUGGCUCUGAAAUGAACUC
miR-5694,CAGAUCAUGGGACUGUCUCAG
miR-5695,ACUCCAAGAAGAAUCUAGACAG
miR-5696,CUCAUUUAAGUAGUCUGAUGCC
miR-5697,UCAAGUAGUUUCAUGAUAAAGG
miR-5698,UGGGGGAGUGCAGUGAUUGUGG
miR-5699-5p,UGCCCCAACAAGGAAGGACAAG
miR-5699-3p,UCCUGUCUUUCCUUGUUGGAGC
miR-5700,UAAUGCAUUAAAUUAUUGAAGG
miR-5701,UUAUUGUCACGUUCUGAUU
miR-5702,UGAGUCAGCAACAUAUCCCAUG
miR-5703,AGGAGAAGUCGGGAAGGU
miR-5692b,AAUAAUAUCACAGUAGGUGU
miR-5704,UUAGGCCAUCAUCCCAUUAUGC
miR-5705,UGUUUCGGGGCUCAUGGCCUGUG
miR-5706,UUCUGGAUAACAUGCUGAAGCU
miR-5707,ACGUUUGAAUGCUGUACAAGGC
miR-5708,AUGAGCGACUGUGCCUGACC
miR-5739,GCGGAGAGAGAAUGGGGAGC
miR-5787,GGGCUGGGGCGCGGGGAGGU
miR-1199-5p,CCUGAGCCCGGGCCGCGCAG
miR-1199-3p,UGCGGCCGGUGCUCAACCUGC
miR-6068,CCUGCGAGUCUCCGGCGGUGG
miR-6069,GGGCUAGGGCCUGCUGCCCCC
miR-6070,CCGGUUCCAGUCCCUGGAG
miR-6071,UUCUGCUGCCGGCCAAGGC
miR-6072,UCCUCAUCACACUGCACCUUAG
miR-6073,GGUAGUGAGUUAUCAGCUAC
miR-6074,GAUAUUCAGAGGCUAGGUGG
miR-6075,ACGGCCCAGGCGGCAUUGGUG
miR-6076,AGCAUGACAGAGGAGAGGUGG
miR-6077,GGGAAGAGCUGUACGGCCUUC
miR-6078,CCGCCUGAGCUAGCUGUGG
miR-6079,UUGGAAGCUUGGACCAACUAGCUG
miR-6080,UCUAGUGCGGGCGUUCCCG
miR-6081,AGGAGCAGUGCCGGCCAAGGCGCC
miR-6082,GAAUACGUCUGGUUGAUCC
miR-6083,CUUAUAUCAGAGGCUGUGGG
miR-6084,UUCCGCCAGUCGGUGGCCGG
miR-6085,AAGGGGCUGGGGGAGCACA
miR-6086,GGAGGUUGGGAAGGGCAGAG
miR-6088,AGAGAUGAAGCGGGGGGGCG
miR-6089,GGAGGCCGGGGUGGGGCGGGGCGG
miR-6090,GGGGAGCGAGGGGCGGGGC
miR-6124,GGGAAAAGGAAGGGGGAGGA
miR-6125,GCGGAAGGCGGAGCGGCGGA
miR-6126,GUGAAGGCCCGGCGGAGA
miR-6127,UGAGGGAGUGGGUGGGAGG
miR-6128,ACUGGAAUUGGAGUCAAAA
miR-378j,ACUGGAUUUGGAGCCAGAA
miR-6129,UGAGGGAGUUGGGUGUAUA
miR-6130,UGAGGGAGUGGAUUGUAUG
miR-6131,GGCUGGUCAGAUGGGAGUG
miR-6132,AGCAGGGCUGGGGAUUGCA
miR-6133,UGAGGGAGGAGGUUGGGUA
miR-6134,UGAGGUGGUAGGAUGUAGA
miR-6165,CAGCAGGAGGUGAGGGGAG
miR-6499-5p,UCGGGCGCAAGAGCACUGCAGU
miR-6499-3p,AGCAGUGUUUGUUUUGCCCACA
miR-548ay-5p,AAAAGUAAUUGUGGUUUUUGC
miR-548ay-3p,CAAAACCGCGAUUACUCUUGCA
miR-6500-5p,AGGAGCUAUCCACUCCAGGUGUCC
miR-6500-3p,ACACUUGUUGGGAUGACCUGC
miR-548az-5p,CAAAAGUGAUUGUGGUUUUUGC
miR-548az-3p,AAAAACUGCAAUCACUUUUGC
miR-6501-5p,AGUUGCCAGGGCUGCCUUUGGU
miR-6501-3p,CCAGAGCAGCCUGCGGUAACAGU
miR-6502-5p,AGCUCUAGAAAGAUUGUUGACC
miR-6502-3p,UAGACCAUCUUUCUAGAGUAU
miR-6503-5p,AGGUCUGCAUUCAAAUCCCCAGA
miR-6503-3p,GGGACUAGGAUGCAGACCUCC
miR-6504-5p,UCUGGCUGUGCUGUAAUGCAG
miR-6504-3p,CAUUACAGCACAGCCAUUCU
miR-6505-5p,UUGGAAUAGGGGAUAUCUCAGC
miR-6505-3p,UGACUUCUACCUCUUCCAAAG
miR-6506-5p,ACUGGGAUGUCACUGAAUAUGGU
miR-6506-3p,UCGUAUCAGAGAUUCCAGACAC
miR-6507-5p,GAAGAAUAGGAGGGACUUUGU
miR-6507-3p,CAAAGUCCUUCCUAUUUUUCCC
miR-6508-5p,UCUAGAAAUGCAUGACCCACC
miR-6508-3p,UGGGCCAUGCAUUUCUAGAACU
miR-6509-5p,AUUAGGUAGUGGCAGUGGAAC
miR-6509-3p,UUCCACUGCCACUACCUAAUUU
miR-6510-5p,CAGCAGGGGAGAGAGAGGAGUC
miR-6510-3p,CACCGACUCUGUCUCCUGCAG
miR-6511a-5p,CAGGCAGAAGUGGGGCUGACAGG
miR-6511a-3p,CCUCACCAUCCCUUCUGCCUGC
miR-6512-5p,UACCAUUAGAAGAGCUGGAAGA
miR-6512-3p,UUCCAGCCCUUCUAAUGGUAGG
miR-6513-5p,UUUGGGAUUGACGCCACAUGUCU
miR-6513-3p,UCAAGUGUCAUCUGUCCCUAG
miR-6514-5p,UAUGGAGUGGACUUUCAGCUGGC
miR-6514-3p,CUGCCUGUUCUUCCACUCCAG
miR-6515-5p,UUGGAGGGUGUGGAAGACAUC
miR-6515-3p,UCUCUUCAUCUACCCCCCAG
miR-6715a-3p,CCAAACCAGUCGUGCCUGUGG
miR-6715b-5p,ACAGGCACGACUGGUUUGGCA
miR-6715b-3p,CUCAAACCGGCUGUGCCUGUGG
miR-6716-5p,UGGGAAUGGGGGUAAGGGCC
miR-6716-3p,UCCGAACUCUCCAUUCCUCUGC
miR-6717-5p,AGGCGAUGUGGGGAUGUAGAGA
miR-6511b-5p,CUGCAGGCAGAAGUGGGGCUGACA
miR-6511b-3p,CCUCACCACCCCUUCUGCCUGCA
miR-6718-5p,UAGUGGUCAGAGGGCUUAUGA
miR-6719-3p,UCUGACAUCAGUGAUUCUCCUG
miR-6720-5p,UUCCAGCCCUGGUAGGCGCCGCG
miR-6720-3p,CGCGCCUGCAGGAACUGGUAGA
miR-6721-5p,UGGGCAGGGGCUUAUUGUAGGAG
miR-6722-5p,AGGCGCACCCGACCACAUGC
miR-6722-3p,UGCAGGGGUCGGGUGGGCCAGG
miR-6724-5p,CUGGGCCCGCGGCGGGCGUGGGG
miR-892c-5p,UAUUCAGAAAGGUGCCAGUCA
miR-892c-3p,CACUGUUUCCUUUCUGAGUGGA
miR-6726-5p,CGGGAGCUGGGGUCUGCAGGU
miR-6726-3p,CUCGCCCUGUCUCCCGCUAG
miR-6727-5p,CUCGGGGCAGGCGGCUGGGAGCG
miR-6727-3p,UCCUGCCACCUCCUCCGCAG
miR-6728-5p,UUGGGAUGGUAGGACCAGAGGGG
miR-6728-3p,UCUCUGCUCUGCUCUCCCCAG
miR-6729-5p,UGGGCGAGGGCGGCUGAGCGGC
miR-6729-3p,UCAUCCCCCUCGCCCUCUCAG
miR-6730-5p,AGAAAGGUGGAGGGGUUGUCAGA
miR-6730-3p,CCUGACACCCCAUCUGCCCUCA
miR-6731-5p,UGGGAGAGCAGGGUAUUGUGGA
miR-6731-3p,UCUAUUCCCCACUCUCCCCAG
miR-6732-5p,UAGGGGGUGGCAGGCUGGCC
miR-6732-3p,UAACCCUGUCCUCUCCCUCCCAG
miR-6733-5p,UGGGAAAGACAAACUCAGAGUU
miR-6733-3p,UCAGUGUCUGGAUUUCCUAG
miR-6734-5p,UUGAGGGGAGAAUGAGGUGGAGA
miR-6734-3p,CCCUUCCCUCACUCUUCUCUCAG
miR-6735-5p,CAGGGCAGAGGGCACAGGAAUCUGA
miR-6735-3p,AGGCCUGUGGCUCCUCCCUCAG
miR-6736-5p,CUGGGUGAGGGCAUCUGUGGU
miR-6736-3p,UCAGCUCCUCUCUACCCACAG
miR-6737-5p,UUGGGGUGGUCGGCCCUGGAG
miR-6737-3p,UCUGUGCUUCACCCCUACCCAG
miR-6738-5p,CGAGGGGUAGAAGAGCACAGGGG
miR-6738-3p,CUUCUGCCUGCAUUCUACUCCCAG
miR-6739-5p,UGGGAAAGAGAAAGAACAAGUA
miR-6739-3p,AUUGUUCUGUCUUUCUCCCAG
miR-6740-5p,AGUUUGGGAUGGAGAGAGGAGA
miR-6740-3p,UGUCUUCUCUCCUCCCAAACAG
miR-6741-5p,GUGGGUGCUGGUGGGAGCCGUG
miR-6741-3p,UCGGCUCUCUCCCUCACCCUAG
miR-6742-5p,AGUGGGGUGGGACCCAGCUGUU
miR-6742-3p,ACCUGGGUUGUCCCCUCUAG
miR-6743-5p,AAGGGGCAGGGACGGGUGGCCC
miR-6743-3p,AGCCGCUCUUCUCCCUGCCCACA
miR-6744-5p,UGGAUGACAGUGGAGGCCU
miR-6744-3p,GGGCCUCUCUUGUCAUCCUGCAG
miR-6745,UGGGUGGAAGAAGGUCUGGUU
miR-6746-5p,CCGGGAGAAGGAGGUGGCCUGG
miR-6746-3p,CAGCCGCCGCCUGUCUCCACAG
miR-6747-5p,AGGGGUGUGGAAAGAGGCAGAACA
miR-6747-3p,UCCUGCCUUCCUCUGCACCAG
miR-6748-5p,UGUGGGUGGGAAGGACUGGAUU
miR-6748-3p,UCCUGUCCCUGUCUCCUACAG
miR-6749-5p,UCGGGCCUGGGGUUGGGGGAGC
miR-6749-3p,CUCCUCCCCUGCCUGGCCCAG
miR-6750-5p,CAGGGAACAGCUGGGUGAGCUGCU
miR-6750-3p,GAACUCACCCUCUGCUCCCAG
miR-6751-5p,UUGGGGGUGAGGUUGGUGUCUGG
miR-6751-3p,ACUGAGCCUCUCUCUCUCCAG
miR-6752-5p,GGGGGGUGUGGAGCCAGGGGGC
miR-6752-3p,UCCCUGCCCCCAUACUCCCAG
miR-6753-5p,CACCAGGGCAGAGCAGGGCUGA
miR-6753-3p,UGGUCUGUCUCUGCCCUGGCAC
miR-6754-5p,CCAGGGAGGCUGGUUUGGAGGA
miR-6754-3p,UCUUCACCUGCCUCUGCCUGCA
miR-6755-5p,UAGGGUAGACACUGACAACGUU
miR-6755-3p,UGUUGUCAUGUUUUUUCCCUAG
miR-6756-5p,AGGGUGGGGCUGGAGGUGGGGCU
miR-6756-3p,UCCCCUUCCUCCCUGCCCAG
miR-6757-5p,UAGGGAUGGGAGGCCAGGAUGA
miR-6757-3p,AACACUGGCCUUGCUAUCCCCA
miR-6758-5p,UAGAGAGGGGAAGGAUGUGAUGU
miR-6758-3p,ACUCAUUCUCCUCUGUCCAG
miR-6759-5p,UUGUGGGUGGGCAGAAGUCUGU
miR-6759-3p,UGACCUUUGCCUCUCCCCUCAG
miR-6760-5p,CAGGGAGAAGGUGGAAGUGCAGA
miR-6760-3p,ACACUGUCCCCUUCUCCCCAG
miR-6761-5p,UCUGAGAGAGCUCGAUGGCAG
miR-6761-3p,UCCUACGCUGCUCUCUCACUCC
miR-6762-5p,CGGGGCCAUGGAGCAGCCUGUGU
miR-6762-3p,UGGCUGCUUCCCUUGGUCUCCAG
miR-6763-5p,CUGGGGAGUGGCUGGGGAG
miR-6763-3p,CUCCCCGGCCUCUGCCCCCAG
miR-6764-5p,UCCCAGGGUCUGGUCAGAGUUG
miR-6764-3p,UCUCUGGUCUUUCCUUGACAG
miR-6765-5p,GUGAGGCGGGGCCAGGAGGGUGUGU
miR-6765-3p,UCACCUGGCUGGCCCGCCCAG
miR-6766-5p,CGGGUGGGAGCAGAUCUUAUUGAG
miR-6766-3p,UGAUUGUCUUCCCCCACCCUCA
miR-6767-5p,UCGCAGACAGGGACACAUGGAGA
miR-6767-3p,CCACGUGCUUCUCUUUCCGCAG
miR-6768-5p,CACACAGGAAAAGCGGGGCCCUG
miR-6768-3p,CAAAGGCCACAUUCUCCUGUGCAC
miR-6769a-5p,AGGUGGGUAUGGAGGAGCCCU
miR-6769a-3p,GAGCCCCUCUCUGCUCUCCAG
miR-6770-5p,UGAGAAGGCACAGCUUGCACGUGA
miR-6770-3p,CUGGCGGCUGUGUCUUCACAG
miR-6771-5p,CUCGGGAGGGCAUGGGCCAGGC
miR-6771-3p,CAAACCCCUGUCUACCCGCAG
miR-6772-5p,UGGGUGUAGGCUGGAGCUGAGG
miR-6772-3p,UUGCUCCUGACUCUGUGCCCACA
miR-6773-5p,UUGGGCCCAGGAGUAAACAGGAU
miR-6773-3p,ACUGUCACUUCUCUGCCCAUAG
miR-6774-5p,ACUUGGGCAGGAGGGACCCUGUAUG
miR-6774-3p,UCGUGUCCCUCUUGUCCACAG
miR-6775-5p,UCGGGGCAUGGGGGAGGGAGGCUGG
miR-6775-3p,AGGCCCUGUCCUCUGCCCCAG
miR-6776-5p,UCUGGGUGCAGUGGGGGUU
miR-6776-3p,CAACCACCACUGUCUCUCCCCAG
miR-6777-5p,ACGGGGAGUCAGGCAGUGGUGGA
miR-6777-3p,UCCACUCUCCUGGCCCCCAG
miR-6778-5p,AGUGGGAGGACAGGAGGCAGGU
miR-6778-3p,UGCCUCCCUGACAUUCCACAG
miR-6779-5p,CUGGGAGGGGCUGGGUUUGGC
miR-6779-3p,AAGCCCUGUCUCCUCCCAUCU
miR-6780a-5p,UUGGGAGGGAAGACAGCUGGAGA
miR-6780a-3p,CUCCUCUGUUUUCUUUCCUAG
miR-6781-5p,CGGGCCGGAGGUCAAGGGCGU
miR-6781-3p,UGCCUCUUUUCCACGGCCUCAG
miR-6782-5p,UAGGGGUGGGGGAAUUCAGGGGUGU
miR-6782-3p,CACCUUUGUGUCCCCAUCCUGCA
miR-6783-5p,UAGGGGAAAAGUCCUGAUCCGG
miR-6783-3p,UUCCUGGGCUUCUCCUCUGUAG
miR-6784-5p,GCCGGGGCUUUGGGUGAGGG
miR-6784-3p,UCUCACCCCAACUCUGCCCCAG
miR-6785-5p,UGGGAGGGCGUGGAUGAUGGUG
miR-6785-3p,ACAUCGCCCCACCUUCCCCAG
miR-6786-5p,GCGGUGGGGCCGGAGGGGCGU
miR-6786-3p,UGACGCCCCUUCUGAUUCUGCCU
miR-6787-5p,UGGCGGGGGUAGAGCUGGCUGC
miR-6787-3p,UCUCAGCUGCUGCCCUCUCCAG
miR-6788-5p,CUGGGAGAAGAGUGGUGAAGA
miR-6788-3p,UUCGCCACUUCCCUCCCUGCAG
miR-6789-5p,GUAGGGGCGUCCCGGGCGCGCGGG
miR-6789-3p,CGGCGCCCGUGUCUCCUCCAG
miR-6790-5p,GUGAGUGUGGAUUUGGCGGGGUU
miR-6790-3p,CGACCUCGGCGACCCCUCACU
miR-6791-5p,CCCCUGGGGCUGGGCAGGCGGA
miR-6791-3p,UGCCUCCUUGGUCUCCGGCAG
miR-6792-5p,GUAAGCAGGGGCUCUGGGUGA
miR-6792-3p,CUCCUCCACAGCCCCUGCUCAU
miR-6793-5p,UGUGGGUUCUGGGUUGGGGUGA
miR-6793-3p,UCCCCAACCCCUGCCCGCAG
miR-6794-5p,CAGGGGGACUGGGGGUGAGC
miR-6794-3p,CUCACUCUCAGUCCCUCCCU
miR-6795-5p,UGGGGGGACAGGAUGAGAGGCUGU
miR-6795-3p,ACCCCUCGUUUCUUCCCCCAG
miR-6796-5p,UUGUGGGGUUGGAGAGCUGGCUG
miR-6796-3p,GAAGCUCUCCCCUCCCCGCAG
miR-6797-5p,AGGAGGGAAGGGGCUGAGAACAGGA
miR-6797-3p,UGCAUGACCCUUCCCUCCCCAC
miR-6798-5p,CCAGGGGGAUGGGCGAGCUUGGG
miR-6798-3p,CUACCCCCCAUCCCCCUGUAG
miR-6799-5p,GGGGAGGUGUGCAGGGCUGG
miR-6799-3p,UGCCCUGCAUGGUGUCCCCACAG
miR-6800-5p,GUAGGUGACAGUCAGGGGCGG
miR-6800-3p,CACCUCUCCUGGCAUCGCCCC
miR-6801-5p,UGGUCAGAGGCAGCAGGAAAUGA
miR-6801-3p,ACCCCUGCCACUCACUGGCC
miR-6802-5p,CUAGGUGGGGGGCUUGAAGC
miR-6802-3p,UUCACCCCUCUCACCUAAGCAG
miR-6803-5p,CUGGGGGUGGGGGGCUGGGCGU
miR-6803-3p,UCCCUCGCCUUCUCACCCUCAG
miR-6804-5p,UGAGGGUGUCAGCAGGUGACG
miR-6804-3p,CGCACCUGCCUCUCACCCACAG
miR-6805-5p,UAGGGGGCGGCUUGUGGAGUGU
miR-6805-3p,UUGCUCUGCUCCCCCGCCCCCAG
miR-6806-5p,UGUAGGCAUGAGGCAGGGCCCAGG
miR-6806-3p,UGAAGCUCUGACAUUCCUGCAG
miR-6807-5p,GUGAGCCAGUGGAAUGGAGAGG
miR-6807-3p,CACUGCAUUCCUGCUUGGCCCAG
miR-6808-5p,CAGGCAGGGAGGUGGGACCAUG
miR-6808-3p,GUGUGACCACCGUUCCUGCAG
miR-6809-5p,UGGCAAGGAAAGAAGAGGAUCA
miR-6809-3p,CUUCUCUUCUCUCCUUCCCAG
miR-6810-5p,AUGGGGACAGGGAUCAGCAUGGC
miR-6810-3p,UCCCCUGCUCCCUUGUUCCCCAG
miR-6811-5p,AUGCAGGCCUGUGUACAGCACU
miR-6811-3p,AGCCUGUGCUUGUCCCUGCAG
miR-6812-5p,AUGGGGUGAGAUGGGGAGGAGCAGC
miR-6812-3p,CCGCUCUUCCCCUGACCCCAG
miR-6813-5p,CAGGGGCUGGGGUUUCAGGUUCU
miR-6813-3p,AACCUUGGCCCCUCUCCCCAG
miR-6814-5p,UCCCAAGGGUGAGAUGCUGCCA
miR-6814-3p,ACUCGCAUCCUUCCCUUGGCAG
miR-6815-5p,UAGGUGGCGCCGGAGGAGUCAUU
miR-6815-3p,UGGCUUCUCUUGCACACCCAG
miR-6816-5p,UGGGGCGGGGCAGGUCCCUGC
miR-6816-3p,GAAGGACCUGCACCUUCG
miR-6817-5p,UCUGCCAUAGGAAGCUUGGAGUGG
miR-6817-3p,UCUCUCUGACUCCAUGGCA
miR-6818-5p,UUGUGUGAGUACAGAGAGCAUC
miR-6818-3p,UUGUCUCUUGUUCCUCACACAG
miR-6819-5p,UUGGGGUGGAGGGCCAAGGAGC
miR-6819-3p,AAGCCUCUGUCCCCACCCCAG
miR-6820-5p,UGCGGCAGAGCUGGGGUCA
miR-6820-3p,UGUGACUUCUCCCCUGCCACAG
miR-6821-5p,GUGCGUGGUGGCUCGAGGCGGGG
miR-6821-3p,UGACCUCUCCGCUCCGCACAG
miR-6822-5p,CAGGGAACCAGUUGGGGCUU
miR-6822-3p,AGGCUCUAACUGGCUUUCCCUGCA
miR-6823-5p,UCAGGGUUGGUAGGGGUUGCU
miR-6823-3p,UGAGCCUCUCCUUCCCUCCAG
miR-6824-5p,GUAGGGGAGGUUGGGCCAGGGA
miR-6824-3p,UCUCUGGUCUUGCCACCCCAG
miR-6825-5p,UGGGGAGGUGUGGAGUCAGCAU
miR-6825-3p,GCGCUGACCCGCCUUCUCCGCA
miR-6826-5p,UCAAUAGGAAAGAGGUGGGACCU
miR-6826-3p,CUCCCCUCUCUUUCCUGUUCAG
miR-6827-5p,UGGGAGCCAUGAGGGUCUGUGC
miR-6827-3p,ACCGUCUCUUCUGUUCCCCAG
miR-6828-5p,AGGAAGCAAGAGAACCCUGUGG
miR-6828-3p,AUCUGCUCUCUUGUUCCCAG
miR-6829-5p,UGGGCUGCUGAGAAGGGGCA
miR-6829-3p,UGCCUCCUCCGUGGCCUCAG
miR-6830-5p,CCAAGGAAGGAGGCUGGACAUC
miR-6830-3p,UGUCUUUCUUCUCUCCCUUGCAG
miR-6831-5p,UAGGUAGAGUGUGAGGAGGAGGUC
miR-6831-3p,UGACUAACUCCCACUCUACAG
miR-6832-5p,AGUAGAGAGGAAAAGUUAGGGUC
miR-6832-3p,ACCCUUUUUCUCUUUCCCAG
miR-6833-5p,GUGUGGAAGAUGGGAGGAGAAA
miR-6833-3p,UUUCUCUCUCCACUUCCUCAG
miR-6834-5p,GUGAGGGACUGGGAUUUGUGG
miR-6834-3p,UAUGUCCCAUCCCUCCAUCA
miR-6835-5p,AGGGGGUAGAAAGUGGCUGAAG
miR-6835-3p,AAAAGCACUUUUCUGUCUCCCAG
miR-6780b-5p,UGGGGAAGGCUUGGCAGGGAAGA
miR-6780b-3p,UCCCUUGUCUCCUUUCCCUAG
miR-6836-5p,CGCAGGGCCCUGGCGCAGGCAU
miR-6836-3p,AUGCCUCCCCCGGCCCCGCAG
miR-6837-5p,ACCAGGGCCAGCAGGGAAUGU
miR-6837-3p,CCUUCACUGUGACUCUGCUGCAG
miR-6838-5p,AAGCAGCAGUGGCAAGACUCCU
miR-6838-3p,AAGUCCUGCUUCUGUUGCAG
miR-6839-5p,UCUGGAUUGAAGAGACGACCCA
miR-6839-3p,UUGGGUUUUCUCUUCAAUCCAG
miR-6840-5p,ACCCCCGGGCAAAGACCUGCAGAU
miR-6840-3p,GCCCAGGACUUUGUGCGGGGUG
miR-6841-5p,UAGGGUACUCAGAGCAAGUUGU
miR-6841-3p,ACCUUGCAUCUGCAUCCCCAG
miR-6842-5p,UGGGGGUGGUCUCUAGCCAAGG
miR-6842-3p,UUGGCUGGUCUCUGCUCCGCAG
miR-6843-3p,AUGGUCUCCUGUUCUCUGCAG
miR-6844,UUCUUUGUUUUUAAUUCACAG
miR-6845-5p,CGGGGCCAGAGCAGAGAGC
miR-6845-3p,CCUCUCCUCCCUGUGCCCCAG
miR-6846-5p,UGGGGGCUGGAUGGGGUAGAGU
miR-6846-3p,UGACCCCUUCUGUCUCCCUAG
miR-6847-5p,ACAGAGGACAGUGGAGUGUGAGC
miR-6847-3p,GGCUCAUGUGUCUGUCCUCUUC
miR-6848-5p,UGGGGGCUGGGAUGGGCCAUGGU
miR-6848-3p,GUGGUCUCUUGGCCCCCAG
miR-6849-5p,GAGUGGAUAGGGGAGUGUGUGGA
miR-6849-3p,ACCAGCCUGUGUCCACCUCCAG
miR-6850-5p,GUGCGGAACGCUGGCCGGGGCG
miR-6850-3p,CCCGGCCGGAACGCCGCACU
miR-6851-5p,AGGAGGUGGUACUAGGGGCCAGC
miR-6851-3p,UGGCCCUUUGUACCCCUCCAG
miR-6852-5p,CCCUGGGGUUCUGAGGACAUG
miR-6852-3p,UGUCCUCUGUUCCUCAG
miR-6853-5p,AGCGUGGGAUGUCCAUGAAGUCAG
miR-6853-3p,UGUUCAUUGGAACCCUGCGCAG
miR-6854-5p,AAGCUCAGGUUUGAGAACUGCUGA
miR-6854-3p,UGCGUUUCUCCUCUUGAGCAG
miR-6855-5p,UUGGGGUUUGGGGUGCAGACAUUGC
miR-6855-3p,AGACUGACCUUCAACCCCACAG
miR-6856-5p,AAGAGAGGAGCAGUGGUGCUGUGG
miR-6856-3p,UACAGCCCUGUGAUCUUUCCAG
miR-6857-5p,UUGGGGAUUGGGUCAGGCCAGU
miR-6857-3p,UGACUGAGCUUCUCCCCACAG
miR-6858-5p,GUGAGGAGGGGCUGGCAGGGAC
miR-6858-3p,CAGCCAGCCCCUGCUCACCCCU
miR-6859-5p,GAGAGGAACAUGGGCUCAGGACA
miR-6859-3p,UGACCCCCAUGUCGCCUCUGUAG
miR-6769b-5p,UGGUGGGUGGGGAGGAGAAGUGC
miR-6769b-3p,CCCUCUCUGUCCCACCCAUAG
miR-6860,ACUGGGCAGGGCUGUGGUGAGU
miR-6861-5p,ACUGGGUAGGUGGGGCUCCAGG
miR-6861-3p,UGGACCUCUCCUCCCCAG
miR-6862-5p,CGGGCAUGCUGGGAGAGACUUU
miR-6862-3p,CCUCACCCAGCUCUCUGGCCCUCU
miR-6863,UAGACGUGGUGAAGGAUUGAGUG
miR-6864-5p,UUGAAGGGACAAGUCAGAUAUGCC
miR-6864-3p,GUGAGACUUCUCUCCCUUCAG
miR-6865-5p,UAGGUGGCAGAGGAGGGACUUCA
miR-6865-3p,ACACCCUCUUUCCCUACCGCC
miR-6866-5p,UUAGAGGCUGGAAUAGAGAUUCU
miR-6866-3p,GAUCCCUUUAUCUGUCCUCUAG
miR-6867-5p,UGUGUGUGUAGAGGAAGAAGGGA
miR-6867-3p,CUCUCCCUCUUUACCCACUAG
miR-6868-5p,ACUGGCAGAACACUGAAGCAGC
miR-6868-3p,UUCCUUCUGUUGUCUGUGCAG
miR-6869-5p,GUGAGUAGUGGCGCGCGGCGGC
miR-6869-3p,CGCCGCGCGCAUCGGCUCAGC
miR-6870-5p,UGGGGGAGAUGGGGGUUGA
miR-6870-3p,GCUCAUCCCCAUCUCCUUUCAG
miR-6871-5p,CAUGGGAGUUCGGGGUGGUUGC
miR-6871-3p,CAGCACCCUGUGGCUCCCACAG
miR-6872-5p,UCUCGCAUCAGGAGGCAAGG
miR-6872-3p,CCCAUGCCUCCUGCCGCGGUC
miR-6873-5p,CAGAGGGAAUACAGAGGGCAAU
miR-6873-3p,UUCUCUCUGUCUUUCUCUCUCAG
miR-6874-5p,AUGGAGCUGGAACCAGAUCAGGC
miR-6874-3p,CAGUUCUGCUGUUCUGACUCUAG
miR-6875-5p,UGAGGGACCCAGGACAGGAGA
miR-6875-3p,AUUCUUCCUGCCCUGGCUCCAU
miR-6876-5p,CAGGAAGGAGACAGGCAGUUCA
miR-6876-3p,AGCUGUCUGUGUUUUCCUUCUCAG
miR-6877-5p,AGGGCCGAAGGGUGGAAGCUGC
miR-6877-3p,CAGCCUCUGCCCUUGGCCUCC
miR-6878-5p,AGGGAGAAAGCUAGAAGCUGAAG
miR-6878-3p,CUGGCCUCUUCUUUCUCCUAG
miR-6879-5p,CAGGGCAGGGAAGGUGGGAGAG
miR-6879-3p,UGUCACCCGCUCCUUGCCCAG
miR-6880-5p,UGGUGGAGGAAGAGGGCAGCUC
miR-6880-3p,CCGCCUUCUCUCCUCCCCCAG
miR-6881-5p,UGGGGUAAGGAUAGGAGGGUCA
miR-6881-3p,AUCCUCUUUCGUCCUUCCCACU
miR-6882-5p,UACAAGUCAGGAGCUGAAGCAG
miR-6882-3p,UGCUGCCUCUCCUCUUGCCUGCAG
miR-6883-5p,AGGGAGGGUGUGGUAUGGAUGU
miR-6883-3p,UUCCCUAUCUCACUCUCCUCAG
miR-6884-5p,AGAGGCUGAGAAGGUGAUGUUG
miR-6884-3p,CCCAUCACCUUUCCGUCUCCCCU
miR-6885-5p,AGGGGGGCACUGCGCAAGCAAAGCC
miR-6885-3p,CUUUGCUUCCUGCUCCCCUAG
miR-6886-5p,CCCGCAGGUGAGAUGAGGGCU
miR-6886-3p,UGCCCUUCUCUCCUCCUGCCU
miR-6887-5p,UGGGGGGACAGAUGGAGAGGACA
miR-6887-3p,UCCCCUCCACUUUCCUCCUAG
miR-6888-5p,AAGGAGAUGCUCAGGCAGAU
miR-6888-3p,AUCUGUCUCGAUUGUUUCCAG
miR-6889-5p,UCGGGGAGUCUGGGGUCCGGAAU
miR-6889-3p,UCUGUGCCCCUACUUCCCAG
miR-6890-5p,CAUGGGGUAGGGCAGAGUAGG
miR-6890-3p,CCACUGCCUAUGCCCCACAG
miR-6891-5p,UAAGGAGGGGGAUGAGGGG
miR-6891-3p,CCCUCAUCUUCCCCUCCUUUC
miR-6892-5p,GUAAGGGACCGGAGAGUAGGA
miR-6892-3p,UCCCUCUCCCACCCCUUGCAG
miR-6893-5p,CAGGCAGGUGUAGGGUGGAGC
miR-6893-3p,CCCUGCUGCCUUCACCUGCCAG
miR-6894-5p,AGGAGGAUGGAGAGCUGGGCCAGA
miR-6894-3p,UUGCCUGCCCUCUUCCUCCAG
miR-6895-5p,CAGGGCCAGGCACAGAGUAAG
miR-6895-3p,UGUCUCUCGCCCUUGGCCUUAG
miR-7106-5p,UGGGAGGAGGGGAUCUUGGG
miR-7106-3p,AGCUCCCUGAAUCCCUGUCCCAG
miR-7107-5p,UCGGCCUGGGGAGGAGGAAGGG
miR-7107-3p,UGGUCUGUUCAUUCUCUCUUUUUGGCC
miR-7108-5p,GUGUGGCCGGCAGGCGGGUGG
miR-7108-3p,ACCCGCCCGUCUCCCCACAG
miR-7109-5p,CUGGGGGGAGGAGACCCUGCU
miR-7109-3p,CAAGCCUCUCCUGCCCUUCCAG
miR-7110-5p,UGGGGGUGUGGGGAGAGAGAG
miR-7110-3p,UCUCUCUCCCACUUCCCUGCAG
miR-7111-5p,UGGGGGAGGAAGGACAGGCCAU
miR-7111-3p,AUCCUCUCUUCCCUCCUCCCAG
miR-7112-5p,ACGGGCAGGGCAGUGCACCCUG
miR-7112-3p,UGCAUCACAGCCUUUGGCCCUAG
miR-7113-5p,UCCAGGGAGACAGUGUGUGAG
miR-7113-3p,CCUCCCUGCCCGCCUCUCUGCAG
miR-7114-5p,UCUGUGGAGUGGGGUGCCUGU
miR-7114-3p,UGACCCACCCCUCUCCACCAG
miR-7150,CUGGCAGGGGGAGAGGUA
miR-7151-5p,GAUCCAUCUCUGCCUGUAUUGGC
miR-7151-3p,CUACAGGCUGGAAUGGGCUCA
miR-7152-5p,UUUCCUGUCCUCCAACCAGACC
miR-7152-3p,UCUGGUCCUGGACAGGAGGC
miR-7153-5p,UGAGAACUGACAAAUGUGGUAGG
miR-7153-3p,CACCAUGGACGGUUUACC
miR-7154-5p,UUCAUGAACUGGGUCUAGCUUGG
miR-7154-3p,AGGAGGACAAGUUGUGGGAU
miR-7155-5p,UCUGGGGUCUUGGGCCAUC
miR-7155-3p,UGGCCCAAGACCUCAGACC
miR-7156-5p,UUGUUCUCAAACUGGCUGUCAGA
miR-7156-3p,CUGCAGCCACUUGGGGAACUGGU
miR-7157-5p,UCAGCAUUCAUUGGCACCAGAGA
miR-7157-3p,UCUGUGCUACUGGAUGAAGAGU
miR-7158-5p,GGCUCAAUCUCUGGUCCUGCAGCC
miR-7158-3p,CUGAACUAGAGAUUGGGCCCA
miR-7161-5p,UAAAGACUGUAGAGGCAACUGGU
miR-7161-3p,UAGAUCUUUGACUCUGGCAGUCUCCAGG
miR-7159-5p,UUCAACAAGGGUGUAGGAUGG
miR-7159-3p,UUUCUAUGUUAGUUGGAAG
miR-7160-5p,UGCUGAGGUCCGGGCUGUGCC
miR-7160-3p,CAGGGCCCUGGCUUUAGCAGA
miR-7162-5p,UGCUUCCUUUCUCAGCUG
miR-7162-3p,UCUGAGGUGGAACAGCAGC
miR-7515,AGAAGGGAAGAUGGUGAC
miR-7702,CUUAGACUGCCAGACUCCCUGA
miR-7703,UUGCACUCUGGCCUUCUCCCAGG
miR-7704,CGGGGUCGGCGGCGACGUG
miR-7705,AAUAGCUCAGAAUGUCAGUUCUG
miR-7706,UGAAGCGCCUGUGCUCUGCCGAGA
miR-7843-5p,GAGGGCAGAGCCAGCUUCCUGA
miR-7843-3p,AUGAAGCCUUCUCUGCCUUACG
miR-4433b-5p,AUGUCCCACCCCCACUCCUGU
miR-4433b-3p,CAGGAGUGGGGGGUGGGACGU
miR-1273h-5p,CUGGGAGGUCAAGGCUGCAGU
miR-1273h-3p,CUGCAGACUCGACCUCCCAGGC
miR-6516-5p,UUUGCAGUAACAGGUGUGAGCA
miR-6516-3p,AUCAUGUAUGAUACUGCAAACA
miR-7844-5p,AAAACUAGGACUGUGUGGUGUA
miR-7845-5p,AAGGGACAGGGAGGGUCGUGG
miR-7846-3p,CAGCGGAGCCUGGAGAGAAGG
miR-7847-3p,CGUGGAGGACGAGGAGGAGGC
miR-7848-3p,CUACCCUCGGUCUGCUUACCACA
miR-7849-3p,GACAAUUGUUGAUCUUGGGCCU
miR-7850-5p,GUUUGGACAUAGUGUGGCUGG
miR-7851-3p,UACCUGGGAGACUGAGGUUGGA
miR-7852-3p,UAUGUAGUAGUCAAAGGCAUUU
miR-7853-5p,UCAAAUGCAGAUCCUGACUUC
miR-7854-3p,UGAGGUGACCGCAGAUGGGAA
miR-7855-5p,UUGGUGAGGACCCCAAGCUCGG
miR-7856-5p,UUUUAAGGACACUGAGGGAUC
miR-548ba,AAAGGUAACUGUGAUUUUUGCU
miR-7973,UGUGACCCUAGAAUAAUUAC
miR-7974,AGGCUGUGAUGCUCUCCUGAGCCC
miR-7975,AUCCUAGUCACGGCACCA
miR-7976,UGCCCUGAGACUUUUGCUC
miR-7977,UUCCCAGCCAACGCACCA
miR-7978,UCUGGUGUAUAGCGUUGCUCA
miR-8052,CGGGACUGUAGAGGGCAUGAGC
miR-8053,UGGCGAUUUUGGAACUCAAUGGCA
miR-8054,GAAAGUACAGAUCGGAUGGGU
miR-8055,CUUUGAGCACAUGAGCAGACGGA
miR-8056,CGUGGAUUGUCUGGAUGCAU
miR-8057,GUGGCUCUGUAGUAAGAUGGA
miR-8058,CUGGACUUUGAUCUUGCCAUAA
miR-8059,GGGGAACUGUAGAUGAAAAGGC
miR-8060,CCAUGAAGCAGUGGGUAGGAGGAC
miR-8061,CUUAGAUUAGAGGAUAUUGUU
miR-8062,CAGUGAUUUGAGGAUUAUUGC
miR-8063,UCAAAAUCAGGAGUCGGGGCUU
miR-8064,AGCACACUGAGCGAGCGGAC
miR-8065,UGUAGGAACAGUUGAAUUUUGGCU
miR-8066,CAAUGUGAUCUUUUGGAUGUA
miR-8067,CCUAGAAACUGUAAACUUAGUC
miR-8068,UGUUUGUUGUAAGGAUCGUUGU
miR-8069,GGAUGGUUGGGGGCGGUCGGCGU
miR-8070,AUGUGAUUGACGGCUGACUCCA
miR-8071,CGGUGGACUGGAGUGGGUGG
miR-8072,GGCGGCGGGGAGGUAGGCAG
miR-8073,ACCUGGCAGCAGGGAGCGUCGU
miR-8074,CUAUGGCGAGACUGGCAUGUACUC
miR-8075,UGCUGAUGGCAGAUGUCGGGUCUG
miR-8076,UAUAUGGACUUUUCUGAUACAAUG
miR-8077,GGCUGAGUGGGGUUCUGACUCC
miR-8078,GGUCUAGGCCCGGUGAGAGACUC
miR-8079,CAGUGAUCGUCUCUGCUGGC
miR-8080,GAAGGACACUGGUGUCAACGGCU
miR-8081,CUUGAGUCGUGCCUUUCUGAAUG
miR-8082,UGAUGGAGCUGGGAAUACUCUG
miR-8083,CAGGACUUGACGGCUGCAACU
miR-8084,GAAUACUAAGUAAAAAAUCAGUA
miR-8085,UGGGAGAGAGGACUGUGAGGC
miR-8086,UGCUAGUCUGGACUGAUAUGGU
miR-8087,GAAGACUUCUUGGAUUACAGGGG
miR-8088,CCUCGGUACUGGAAAGGGGUA
miR-8089,CCUGGGGACAGGGGAUUGGGGCAG
miR-8485,CACACACACACACACACGUAU
miR-9500,AAGGGAAGAUGGUGACCAC
miR-548bb-5p,AAAAGUAACUAUGGUUUUUGCC
miR-548bb-3p,CAAAAACCAUAGUUACUUUUGC
miR-9718,UUGCUGACCUGGGUGGUGGU
miR-9898,UACUUACCUGUCCCCUACCCCA
miR-9899,CGGGCGCCGCGCUCCCGCCCGC
miR-9900,ACAGGUCCUAAGAGACUGCAU
miR-9901,CGGUCGCCGCGGUUCGCCGCC
miR-9902,CCCAGAAAUCUGGUAUGCCAGC
miR-9903,UUAUCCUCCAGUAGACUAGGGA
miR-9985,UUCACAGUGGCUAAGCUAU
miR-1843,UAUGGAGGUCUCUGUCUGGC
miR-548bc,AAAAACUGUGAUUACUUUUGC
miR-9986,UGUGAGGUUGUCAUGCCUGC
miR-10226,CCAUGUGUCUGGGCUGGGAAAC
miR-10392-5p,GCGCUUCGACGGGCUGGGCUGUG
miR-10392-3p,CCGGCCCCGCCUCGGCUCCGCACC
miR-10393-5p,AGAAUUCUCUUAUCCAACAUCAACA
miR-10393-3p,UGGUCAGAUUUGAACUCUUCAA
miR-10394-5p,UCUGCAGGUCCUGGUGAACGCCAU
miR-10394-3p,UGGGCGCGCCGGGACUGUGAGAC
miR-10395-5p,GUGAUGGAGAGCAAUACC
miR-10395-3p,AUGUAUUCGUACUGUCUGAUG
miR-10396a-5p,GGCGGGGCUCGGAGCCGGG
miR-10396a-3p,GGCCCCGGGCCCUCGACCGGG
miR-10397-5p,UCCUUGACCUGAUGCUGUAGGG
miR-10397-3p,CAUAGAUCUCGUCGCUUACUGGGA
miR-10398-5p,UGGCUCCCUUCUCUCCGUCUG
miR-10398-3p,GCCCGGAGAGCUGGGAGCCAG
miR-10399-5p,AAUUACAGAUUGUCUCAGAGA
miR-10399-3p,CUCUCGGACAAGCUGUAGGUC
miR-10400-5p,CGGCGGCGGCGGCUCUGGGCG
miR-10400-3p,CUGGGCUCCCGGACGAGGCGGG
miR-10401-5p,CGUGUGGGAAGGCGUGGGGU
miR-10401-3p,ACCUCGCCGUCCCGCCCGCCG
miR-10396b-5p,CGGCGGGGCUCGGAGCCGGG
miR-10396b-3p,GGCCCCGGGCCCUCGACCGGAC
miR-10522-5p,AGAAGAAUUGGCCUACUCAGG
miR-10523-5p,GACAAUGAUGAGAAGACCUGAGGA
miR-9983-3p,UUUUUUGCUGGAACAUUUCUGG
miR-10524-5p,CAGGAUGCCAGCAUAGU
miR-10525-3p,UGACUAUGAUGUGCACCUGAU
miR-10526-3p,AAAAGGGGGCUGAGGUGGAG
miR-10527-5p,AAAGCAAAUGUUGGGUGAACGGC
miR-11181-5p,GUCUGACCAACCUCCUCCCGC
miR-11181-3p,AGGAGGAGGAGGUCAGGC
miR-11399,UUCAGGUCUGGGGCUGAAACCU
miR-11400,UCGGCUGUGUAUCUCUGUGUC
miR-11401,UCACGUCUGCGGCUGUCACG
miR-3059-5p,UUUCCUCUCUGCCCCAUAGGGUGU
miR-3059-3p,CCUCUAGGGAAGAGAAGGUUGG
miR-3085-5p,AGGUGCCAUUCUGAGGGCCAGGAGU
miR-3085-3p,UCUGGCUGCUAUGGCCCCCUC
miR-6529-5p,GAGAGAUCAGAGGCGCAGAGUG
miR-6529-3p,CCUGUGCCUUUUACUUCUUUAA
miR-9851-5p,CGCUGGCAGUGUUGGUGACACU
miR-9851-3p,UGGCACCAGCACUGGCGGUGUC
miR-12113,UCUGAACUCUAUGUGGGAUUAG
miR-12114,CAGGUGGAGGUGUGAGGUC
miR-12115,UAGUGGAGCUGGGAGGCAGCUCGG
miR-12116,UUAGGCUUCCCCCUCCUCCUGC
miR-12117,GAAGUGGAGCACAUCAGUGA
miR-12118,CAAGGAGGAGCGGGGAUUAG
miR-12119,UUCUGAGGGGACGGUAGAUUUGGGG
miR-12120,UAAGGAACGCGGGGCCUUGGUAGAGC
miR-12121,CUGCCACGAGCGUGCGGGCCU
miR-12122,UGUCACAGAUGGCCGGAAGAGACUC
miR-12123,UUAUUCAUUCACAAAAGCUUUA
miR-12124,GAGGAAAUGCAGAUGCUGGA
miR-12125,UCUCUCACCUGGCAUAAGCAAU
miR-12126,GACUUGGGGACCAGACCUUUUCUU
miR-12127,UAGAGGUUCUAAUGGUCCAGGGUUA
miR-12128,UUCAGGGAUGGCGCAUGAAGAGGAGA
miR-12129,GAUGUACUGAACUGGGUCAGAC
miR-12130,CGGGUUGUACCUUUUUUGC
miR-12131,UUUGGAGAGGUGUACUCCCA
miR-12132,UAUUACUGUGAGAAUUAUGAUG
miR-12133,CUUGGCACCAUUAAAAAGUACA
miR-12135,UAAAGGUUUGUUUGUAAA
miR-12136,GAAAAAGUCAUGGAGGCC